No,Word,Parts of Speech,IPA,Vietnamese,Example
1,above,prep,/əˈbʌv/,ở trên,"The helicopter is flying above the clouds. 
(Chiếc trực thăng đang bay trên những đám mây.)"
2,address,n,/ˈædres/,địa chỉ,"Can you write your address on this paper? 
(Bạn có thể viết địa chỉ của mình vào tờ giấy này không?)"
3,afraid,adj,/əˈfreɪd/,sợ hãi,"Don't be afraid of the big dog; it's very friendly. 
(Đừng sợ con chó lớn đó; nó rất thân thiện.)"
4,after,prep,/ˈæftər/,sau khi,"We can play football after school. 
(Chúng mình có thể đá bóng sau giờ học.)"
5,age,n,/eɪdʒ/,tuổi,"At the age of 20, he started his own business. 
(Ở tuổi 20, anh ấy đã bắt đầu công việc kinh doanh riêng.)"