No,Word,Parts of Speech,IPA,Vietnamese,Example
1,AM (ante meridiem),adv,/ˌeɪ ˈem/,Sáng (trước 12h trưa),"The school bus arrives at 7 a.m. every morning. 
(Xe buýt trường học đến vào lúc 7 giờ sáng mỗi ngày.)"
2,across,prep,/əˈkrɔːs/,"Băng qua, ở bên kia","The kids ran across the bridge to get to the park. 
(Lũ trẻ chạy băng qua cây cầu để đến công viên.)"
3,act,v,/ækt/,"Đóng vai, diễn","My friend wants to act as a brave king in the school play. 
(Bạn của tôi muốn đóng vai một vị vua dũng cảm trong vở kịch trường.)"
4,actor,n,/ˈæktər/,Nam diễn viên,"He is a famous actor in many funny adventure movies. 
(Chú ấy là một nam diễn viên nổi tiếng trong nhiều bộ phim phiêu lưu hài hước.)"
5,actually,adv,/ˈæktʃuəli/,"Thực ra, thực sự","I thought the test was hard, but actually, it was quite easy. 
(Tớ đã nghĩ bài kiểm tra khó, nhưng thực ra nó khá là dễ.)"
6,adventure,n,/ədˈventʃər/,Cuộc phiêu lưu,"We had a great adventure exploring the forest yesterday. 
(Chúng tớ đã có một cuộc phiêu lưu tuyệt vời khi khám phá khu rừng ngày hôm qua.)"
7,after,prep,/ˈæftər/,"Sau khi, phía sau","Let’s play football after we finish our homework. 
(Chúng mình hãy cùng chơi bóng đá sau khi làm xong bài tập về nhà nhé.)"
8,ago,adv,/əˈɡoʊ/,Cách đây,"The dinosaurs lived on Earth a long time ago. 
(Khủng long đã sống trên Trái Đất từ rất lâu về trước.)"
9,agree,v,/əˈɡriː/,Đồng ý,"I agree with you; this cake is the most delicious one! 
(Tớ đồng ý với bạn; chiếc bánh này là chiếc ngon nhất luôn!)"
10,air,n,/er/,Không khí,"Let's open the window to get some fresh air. 
(Hãy mở cửa sổ ra để đón chút không khí trong lành nào.)"
11,airport,n,/ˈerpɔːrt/,Sân bay,"We are going to the airport to catch a plane to London. 
(Chúng mình đang đi đến sân bay để bắt máy bay đi Luân Đôn.)"
12,alone,adj/adv,/əˈloʊn/,Một mình,"Do you feel scared when you stay at home alone? 
(Bạn có thấy sợ khi ở nhà một mình không?)"
13,already,adv,/ɔːlˈredi/,"Rồi, đã... rồi","I have already finished my homework, so I can play now. 
(Tớ đã làm xong bài tập về nhà rồi, nên giờ tớ có thể đi chơi.)"
14,also,adv,/ˈɔːlsoʊ/,"Cũng, ngoài ra","She likes singing and she also plays the piano very well. 
(Cô ấy thích hát và cô ấy cũng chơi đàn piano rất giỏi nữa.)"
15,amazing,adj,/əˈmeɪzɪŋ/,"Kinh ngạc, tuyệt vời","The magic show was amazing! Everyone clapped their hands. 
(Buổi biểu diễn ảo thuật thật tuyệt vời! Mọi người đều vỗ tay.)"
16,ambulance,n,/ˈæmbjələns/,Xe cấp cứu,"The ambulance took the injured man to the hospital quickly. 
(Xe cấp cứu đã đưa người bị thương đến bệnh viện một cách nhanh chóng.)"
17,anyone,pron,/ˈeniwʌn/,Bất cứ ai,"Does anyone know the answer to this difficult question? 
(Có ai biết câu trả lời cho câu hỏi khó này không?)"
18,anything,pron,/ˈeniθɪŋ/,Bất cứ thứ gì,"You can buy anything you want for your birthday present. 
(Con có thể mua bất cứ thứ gì con muốn để làm quà sinh nhật.)"
19,anywhere,adv,/ˈeniwer/,Bất cứ đâu,"I can't find my keys anywhere. Have you seen them? 
(Tớ không thể tìm thấy chìa khóa ở bất cứ đâu cả. Bạn có thấy chúng không?)"
20,appear,v,/əˈpɪr/,Xuất hiện,"A beautiful rainbow often appears after a heavy rain. 
(Một cầu vồng đẹp thường xuất hiện sau một cơn mưa lớn.)"
21,April,n,/ˈeɪprəl/,tháng Tư,"April is the fourth month of the year. 
(Tháng Tư là tháng thứ tư trong năm.)"
22,arrive,v,/əˈraɪv/,Đến nơi,"What time does the train arrive at the station? 
(Mấy giờ thì tàu hỏa đến ga vậy?)"
23,art,n,/ɑːrt/,"Nghệ thuật, mỹ thuật","We draw and paint colorful pictures in our art class. 
(Chúng tớ vẽ và tô những bức tranh đầy màu sắc trong tiết mỹ thuật.)"
24,artist,n,/ˈɑːrtɪst/,"Họa sĩ, nghệ sĩ","The artist is painting a beautiful picture of the sea. 
(Vị họa sĩ đang vẽ một bức tranh tuyệt đẹp về biển.)"
25,as,prep/conj,/æz/,"Như là, khi","She works as a doctor in a big hospital in the city. 
(Cô ấy làm việc như một bác sĩ tại một bệnh viện lớn trong thành phố.)"
26,as... as,structure,/æz... æz/,Bằng như,"This blue robot is as big as the red one. 
(Con rô-bốt màu xanh này to bằng con màu đỏ.)"
27,astronaut,n,/ˈæstrənɔːt/,Phi hành gia,"The astronaut traveled to the moon in a huge rocket. 
(Phi hành gia đã du hành lên mặt trăng trên một con tàu vũ trụ khổng lồ.)"
28,at the moment,idiom,/æt ðə ˈmoʊmənt/,Ngay lúc này,"I am busy at the moment; can I call you back later? 
(Bây giờ tớ đang bận; tớ có thể gọi lại cho bạn sau được không?)"
29,August,n,/ˈɔːɡəst/,tháng Tám,"It is very hot in August. 
(Trời rất nóng vào tháng Tám.)"
30,autumn (US fall),n,/ˈɔːtəm/ (fɔːl),Mùa thu,"In autumn, the leaves change color and fall from the trees. 
(Vào mùa thu, lá cây đổi màu và rụng xuống khỏi cây.)"
31,away,adv,/əˈweɪ/,"Xa, đi xa","The bird flew away when I tried to touch it. 
(Con chim đã bay đi mất khi tớ cố gắng chạm vào nó.)"
32,backpack (UK rucksack),n,/ˈbækpæk/,Ba lô,"I put my books and lunchbox into my new backpack. 
(Tớ để sách và hộp cơm trưa vào trong chiếc ba lô mới của mình.)"
33,bandage,n,/ˈbændɪdʒ/,Băng gạc (y tế),"The nurse put a bandage on my knee because I fell down. 
(Cô y tá đã quấn băng gạc lên đầu gối của tớ vì tớ bị ngã.)"
34,bank,n,/bæŋk/,Ngân hàng,"My mom goes to the bank to save some money every month. 
(Mẹ tớ đến ngân hàng để tiết kiệm tiền mỗi tháng.)"
35,beetle,n,/ˈbiːtl/,Con bọ cánh cứng,"Look! There is a small green beetle on that leaf. 
(Nhìn kìa! Có một con bọ cánh cứng màu xanh nhỏ xíu trên chiếc lá đó.)"
36,before ,prep/conj,/bɪˈfɔːr/,Trước khi,"Always wash your hands before you eat your dinner. 
(Luôn luôn rửa tay sạch sẽ trước khi con ăn tối nhé.)"
37,begin,v,/bɪˈɡɪn/,Bắt đầu,"The movie will begin in five minutes, so let's sit down. 
(Bộ phim sẽ bắt đầu trong 5 phút nữa, nên chúng mình hãy ngồi xuống nào.)"
38,believe,v,/bɪˈliːv/,Tin tưởng,"I believe that you can win the English competition! 
(Tớ tin rằng cậu có thể chiến thắng cuộc thi tiếng Anh này!)"
39,belt,n,/belt/,"Thắt lưng, dây an toàn","Don't forget to wear your seat belt in the car. 
(Đừng quên thắt dây an toàn khi ở trong xe ô tô nhé.)"
40,Betty,n,/ˈbeti/,Bét-ti,"Betty is my best friend at school. 
(Bét-ti là người bạn thân nhất của tôi ở trường.)"
41,bicycle,n,/ˈbaɪsɪkl/,Xe đạp,"I ride my bicycle to school with my friends every day. 
(Tớ đạp xe đạp đến trường cùng các bạn mỗi ngày.)"
42,bin,n,/bɪn/,Thùng rác,"Please throw your rubbish into the bin to keep the park clean. 
(Vui lòng vứt rác vào thùng để giữ cho công viên sạch đẹp.)"
43,biscuit (US cookie),n,/ˈbɪskɪt/,Bánh quy,"I love eating chocolate biscuits with a glass of milk. 
(Tớ thích ăn bánh quy sô-cô-la cùng với một ly sữa.)"
44,bit,n,/bɪt/,"Một ít, một mảnh","Wait a bit! I need to tie my shoelaces. 
(Đợi một chút! Tớ cần phải buộc lại dây giày.)"
45,bored,adj,/bɔːrd/,Chán nản,"The boy felt bored because he had no toys to play with. 
(Cậu bé cảm thấy chán vì cậu không có đồ chơi để chơi cùng.)"
46,borrow,v,/ˈbɔːroʊ/,Mượn,"Can I borrow your eraser for a second, please? 
(Tớ có thể mượn cục tẩy của cậu một lát được không?)"
47,bracelet,n,/ˈbreɪslət/,Vòng tay,"My sister made a beautiful bracelet from colorful beads. 
(Chị gái tớ đã làm một chiếc vòng tay xinh xắn từ những hạt cườm màu sắc.)"
48,break,v,/breɪk/,"Làm vỡ, làm gãy","Be careful! Don't break the glass vase on the table. 
(Cẩn thận nhé! Đừng làm vỡ cái bình hoa thủy tinh trên bàn.)"
49,bridge,n,/brɪdʒ/,Cây cầu,"The golden bridge goes across the wide river. 
(Cây cầu vàng bắc ngang qua con sông rộng lớn.)"
50,broken,adj,/ˈbroʊkən/,"Bị hỏng, bị vỡ","My toy car is broken, so my dad is helping me fix it. 
(Chiếc xe đồ chơi của tớ bị hỏng rồi, nên bố đang giúp tớ sửa nó.)"
51,brush,v/n,/brʌʃ/,"Chải, bàn chải","You should brush your teeth twice a day. 
(Con nên chải răng hai lần một ngày.)"
52,burn,v,/bɜːrn/,"Đốt, làm bỏng","Be careful with the hot soup, or you will burn your tongue! 
(Cẩn thận với món canh nóng, nếu không con sẽ bị bỏng lưỡi đấy!)"
53,business,n,/ˈbɪznəs/,Việc kinh doanh,"My uncle started a small business selling toys. 
(Chú tớ đã bắt đầu một công việc kinh doanh nhỏ là bán đồ chơi.)"
54,businessman/woman,n,/ˈbɪznəsmæn/,Nam/Nữ doanh nhân,"The businesswoman is flying to London for a meeting. 
(Nữ doanh nhân đang bay đến Luân Đôn để họp.)"
55,butter,n,/ˈbʌtər/,Bơ,"I like to put some butter on my warm toast. 
(Tớ thích phết một ít bơ lên lát bánh mì nướng nóng hổi.)"
56,butterfly,n,/ˈbʌtərflaɪ/,Con bướm,"A colorful butterfly is sitting on the flower. 
(Một con bướm đầy màu sắc đang đậu trên bông hoa.)"
57,by myself,idiom,/baɪ maɪˈself/,"Tự mình, một mình","I can tie my shoelaces all by myself now. 
(Bây giờ tớ đã có thể tự mình buộc dây giày rồi.)"
58,by yourself,idiom,/baɪ jɔːrˈself/,"Tự bạn, một mình bạn","Did you draw this beautiful picture by yourself? 
(Bạn đã tự mình vẽ bức tranh đẹp này đúng không?)"
59,calendar,n,/ˈkælɪndər/,Lịch,"Let’s look at the calendar to see when your birthday is. 
(Hãy nhìn vào tờ lịch để xem khi nào là sinh nhật của con nhé.)"
60,camel,n,/ˈkæml/,Con lạc đà,"Camels can walk for a long time in the hot desert. 
(Lạc đà có thể đi bộ trong một thời gian dài ở sa mạc nóng bỏng.)"
61,camp,v/n,/kæmp/,Cắm trại,"We are going to camp near the lake this weekend. 
(Chúng tớ sẽ đi cắm trại gần hồ vào cuối tuần này.)"
62,card,n,/kɑːrd/,"Thẻ, thiệp","I wrote a lovely card to my grandma for her birthday. 
(Tớ đã viết một tấm thiệp dễ thương tặng bà nhân dịp sinh nhật.)"
63,cartoon,n,/kɑːrˈtuːn/,Phim hoạt hình,"My little brother loves watching cartoons on Sunday. 
(Em trai tớ rất thích xem phim hoạt hình vào ngày Chủ nhật.)"
64,castle,n,/ˈkæsl/,Lâu đài,"The king and queen lived in a huge stone castle. 
(Đức vua và hoàng hậu đã sống trong một tòa lâu đài bằng đá khổng lồ.)"
65,cave,n,/keɪv/,Hang động,"The bats live inside a dark cave in the mountains. 
(Những con dơi sống bên trong một hang động tối tăm trên núi.)"
66,century,n,/ˈsentʃəri/,Thế kỷ (100 năm),"The museum has many old things from the last century. 
(Bảo tàng có rất nhiều đồ vật cũ từ thế kỷ trước.)"
67,cereal,n,/ˈsɪriəl/,Ngũ cốc,"I often have a bowl of cereal with milk for breakfast. 
(Tớ thường ăn một bát ngũ cốc với sữa cho bữa sáng.)"
68,channel,n,/ˈtʃænl/,Kênh (truyền hình),"Turn to channel 5 to watch the football match. 
(Hãy chuyển sang kênh 5 để xem trận đấu bóng đá.)"
69,chat,v/n,/tʃæt/,"Tán gẫu, trò chuyện","I often chat with my friends during the break time. 
(Tớ thường tán gẫu với bạn bè trong giờ ra chơi.)"
70,cheap,adj,/tʃiːp/,Rẻ,"This notebook is very cheap; it only costs one dollar. 
(Cuốn sổ này rất rẻ; nó chỉ có giá một đô la thôi.)"
71,chemist's,n,/ˈkemɪst/,Nhà thuốc / Dược sĩ,"Mom went to the chemist’s to buy some medicine for me. 
(Mẹ đã đến nhà thuốc để mua một ít thuốc cho tớ.)"
72,chess,n,/tʃes/,Cờ vua,"My grandpa taught me how to play chess last summer. 
(Ông nội đã dạy tớ cách chơi cờ vua vào mùa hè năm ngoái.)"
73,chopsticks,n,/ˈtʃɑːpstɪks/,Đũa,"Can you use chopsticks to eat your noodles? 
(Bạn có biết dùng đũa để ăn mì không?)"
74,club,n,/klʌb/,Câu lạc bộ,"I joined the English club to practice speaking more. 
(Tớ đã tham gia câu lạc bộ tiếng Anh để luyện nói nhiều hơn.)"
75,collect,v,/kəˈlekt/,"Sưu tầm, thu gom","My hobby is to collect colorful stamps from many countries. 
(Sở thích của tớ là sưu tầm những con tem màu sắc từ nhiều quốc gia.)"
76,college,n,/ˈkɑːlɪdʒ/,Trường cao đẳng/đại học,"My older sister studies music at a famous college. 
(Chị gái tớ học âm nhạc tại một trường đại học nổi tiếng.)"
77,comb,n/v,/koʊm/,"Cái lược, chải đầu","You should use a comb to make your hair look neat. 
(Con nên dùng lược để chải tóc cho gọn gàng.)"
78,competition,n,/ˌkɑːmpəˈtɪʃn/,Cuộc thi,"She won the first prize in the school singing competition. 
(Cô ấy đã giành giải nhất trong cuộc thi hát của trường.)"
79,concert,n,/ˈkɑːnsərt/,Buổi hòa nhạc,"We are going to a pop concert in the park tonight. 
(Tối nay chúng ta sẽ đi xem một buổi hòa nhạc pop ở công viên.)"
80,conversation,n,/ˌkɑːnvərˈseɪʃn/,Cuộc hội thoại,"The teacher had a short conversation with my parents. 
(Cô giáo đã có một cuộc trò chuyện ngắn với bố mẹ tớ.)"
81,cooker,n,/ˈkʊkər/,"Bếp nấu, nồi cơm điện","The rice is cooking in the electric cooker now. 
(Cơm đang được nấu trong nồi cơm điện bây giờ.)"
82,cookie (UK biscuit),n,/ˈkʊki/,Bánh quy,"I love eating chocolate cookies with a glass of milk. 
(Tớ thích ăn bánh quy sô-cô-la cùng với một ly sữa.)"
83,corner,n,/ˈkɔːrnər/,"Góc (tường, phố)","The toy shop is on the corner of the street. 
(Cửa hàng đồ chơi nằm ở góc đường.)"
84,costume,n,/ˈkɑːstuːm/,Trang phục hóa trang,"She wore a beautiful princess costume for the party. 
(Cô ấy đã mặc một bộ đồ hóa trang công chúa xinh đẹp cho bữa tiệc.)"
85,could (for possibility),modal v,/kʊd/,Có thể (khả năng),"It's cloudy; it could rain this afternoon. 
(Trời nhiều mây; chiều nay có thể sẽ mưa đấy.)"
86,creature,n,/ˈkriːtʃər/,Sinh vật,"The forest is home to many strange and colorful creatures. 
(Khu rừng là nhà của nhiều sinh vật lạ lẫm và đầy màu sắc.)"
87,crown,n,/kraʊn/,Vương miện,"The queen has a shiny crown made of gold and diamonds. 
(Nữ hoàng có một chiếc vương miện sáng lấp lánh làm bằng vàng và kim cương.)"
88,cushion,n,/ˈkʊʃn/,"Gối tựa, gối ôm","The cat is sleeping on a soft blue cushion on the sofa. 
(Con mèo đang ngủ trên một chiếc gối tựa màu xanh mềm mại trên ghế sô-pha.)"
89,cut,v/n,/kʌt/,"Cắt, vết cắt","Use the scissors to cut the paper into star shapes. 
(Hãy dùng kéo để cắt giấy thành hình những ngôi sao nhé.)"
90,cycle,v,/ˈsaɪkl/,Đạp xe,"We often cycle to the park on Saturday mornings. 
(Chúng tớ thường đạp xe đến công viên vào các sáng thứ Bảy.)"
91,dark,adj/n,/dɑːrk/,"Tối, bóng tối","I feel a bit scared when it is dark in the room. 
(Tớ thấy hơi sợ một chút khi trong phòng tối om.)"
92,date (as in time),n,/deɪt/,Ngày tháng,"What is the date today? It is the second of January. 
(Hôm nay là ngày mấy? Hôm nay là ngày 2 tháng 1.)"
93,David,n,/ˈdeɪvɪd/,Đa-vít,"David plays football every Saturday. 
(Đa-vít chơi bóng đá mỗi thứ Bảy.)"
94,dear (as in Dear Harry),adj,/dɪr/,Thân mến,"Dear Harry, I hope you have a great birthday, she wrote. 
(Harry thân mến, tớ hy vọng bạn có một sinh nhật tuyệt vời, cô ấy viết.)"
95,December,n,/dɪˈsembər/,Tháng 12,"It is cold in December.
(Tháng 12 trời lạnh.)"
96,decide,v,/dɪˈsaɪd/,Quyết định,"I can't decide which ice cream flavor I want. 
(Tớ không thể quyết định được là mình muốn vị kem nào nữa.)"
97,deep,adj,/diːp/,Sâu,"The sea is very deep here, so be careful when you swim. 
(Biển ở đây rất sâu, nên hãy cẩn thận khi bạn bơi nhé.)"
98,delicious,adj,/dɪˈlɪʃəs/,Thơm ngon,"This strawberry cake is so delicious! Can I have another piece? 
(Chiếc bánh dâu tây này ngon quá! Cho tớ thêm một miếng nữa được không?)"
99,desert,n,/ˈdezərt/,Sa mạc,"It is very hot and dry in the Sahara desert. 
(Ở sa mạc Sahara trời rất nóng và khô hạn.)"
100,design,v/n,/dɪˈzaɪn/,Thiết kế,"I want to design a robot that can help me clean the room. 
(Tớ muốn thiết kế một con rô-bốt có thể giúp tớ dọn dẹp phòng.)"
101,designer,n,/dɪˈzaɪnər/,Nhà thiết kế,"The fashion designer is making a beautiful dress for the show. 
(Nhà thiết kế thời trang đang may một chiếc váy đẹp cho buổi diễn.)"
102,diary,n,/ˈdaɪəri/,Nhật ký,"I write about my school day in my diary every night. 
(Tớ viết về ngày đi học của mình vào nhật ký mỗi tối.)"
103,dictionary,n,/ˈdɪkʃənəri/,Từ điển,"You should use a dictionary to look up new words. 
(Con nên dùng từ điển để tra cứu những từ mới.)"
104,dinosaur,n,/ˈdaɪnəsɔːr/,Khủng long,"The museum has a huge skeleton of a dinosaur. 
(Bảo tàng có một bộ xương khổng lồ của một con khủng long.)"
105,disappear,v,/ˌdɪsəˈpɪr/,Biến mất,"The sun will disappear behind the dark clouds soon. 
(Mặt trời sẽ sớm biến mất sau những đám mây đen.)"
106,drum,n,/drʌm/,Cái trống,"My brother plays the drums in the school band. 
(Anh trai tớ chơi trống trong ban nhạc của trường.)"
107,during,prep,/ˈdʊrɪŋ/,Trong suốt (một khoảng thời gian),"It rained heavily during the football match yesterday. 
(Trời đã mưa rất to trong suốt trận bóng đá ngày hôm qua.)"
108,each,det/pron,/iːtʃ/,Mỗi,"Each student in my class has a new blue backpack. 
(Mỗi học sinh trong lớp tớ đều có một chiếc ba lô màu xanh mới.)"
109,eagle,n,/ˈiːɡl/,Chim đại bàng,"The eagle flew high above the mountains to find food. 
(Con đại bàng đã bay cao trên những ngọn núi để tìm thức ăn.)"
110,early,adj/adv,/ˈɜːrli/,Sớm,"I woke up early today to see the sunrise. 
(Hôm nay tớ dậy sớm để ngắm bình minh.)"
111,Earth,n,/ɜːrθ/,Trái đất,"The earth is covered with green forests and blue oceans.
(Trái Đất được bao phủ bởi những khu rừng xanh và các đại dương xanh thẳm.)"
112,east,n/adj/adv,/iːst/,Hướng đông,"The sun rises in the east and sets in the west. 
(Mặt trời mọc ở hướng đông và lặn ở hướng tây.)"
113,elbow,n,/ˈelboʊ/,Khuỷu tay,"She hurt her elbow when she fell off her bicycle. 
(Cô ấy bị đau khuỷu tay khi bị ngã khỏi xe đạp.)"
114,else,adv,/els/,"Khác, nữa","Would you like anything else to eat, like an apple? 
(Bạn có muốn ăn gì khác nữa không, ví dụ như một quả táo?)"
115,Emma,n,/ˈemə/,Em-ma,"Emma likes to read books in her free time. 
(Em-ma thích đọc sách vào thời gian rảnh.)"
116,empty,adj,/ˈempti/,Trống rỗng,"The bottle is empty, so please give me some water. 
(Cái chai này trống rỗng rồi, nên làm ơn cho tớ xin ít nước nhé.)"
117,end,n/v,/end/,"Kết thúc, cuối","At the end of the movie, everyone felt very happy. 
(Vào cuối bộ phim, mọi người đều cảm thấy rất hạnh phúc.)"
118,engine,n,/ˈendʒɪn/,Động cơ,"The mechanic is checking the engine of the old car. 
(Người thợ máy đang kiểm tra động cơ của chiếc xe ô tô cũ.)"
119,engineer,n,/ˌendʒɪˈnɪr/,Kỹ sư,"An engineer designs and builds roads and bridges. 
(Một kỹ sư thiết kế và xây dựng những con đường và những cây cầu.)"
120,enormous,adj,/ɪˈnɔːrməs/,"To lớn, khổng lồ","The whale is an enormous animal that lives in the sea. 
(Cá voi là một loài động vật khổng lồ sống ở dưới biển.)"
121,enough,det/adv,/ɪˈnʌf/,Đủ,"I have enough money to buy this cool comic book. 
(Tớ có đủ tiền để mua cuốn truyện tranh ngầu này.)"
122,enter (a competition),v,/ˈentər/,"Tham gia, đi vào","Many students want to enter the school art competition. 
(Nhiều học sinh muốn tham gia cuộc thi mỹ thuật của trường.)"
123,entrance,n,/ˈentrəns/,Lối vào,"Wait for me at the main entrance of the cinema. 
(Hãy đợi tớ ở lối vào chính của rạp chiếu phim nhé.)"
124,envelope,n,/ˈenvəloʊp/,Phong bì,"Put your letter inside the envelope before you post it. 
(Hãy bỏ thư vào trong phong bì trước khi con gửi đi.)"
125,environment,n,/ɪnˈvaɪrənmənt/,Môi trường,"We should plant more trees to protect the environment. 
(Chúng ta nên trồng nhiều cây hơn để bảo vệ môi trường.)"
126,ever,adv,/ˈevər/,"Đã từng, bao giờ","Have you ever seen a real elephant in the forest? 
(Bạn đã từng nhìn thấy một con voi thật ở trong rừng chưa?)"
127,everywhere,adv,/ˈevriwer/,Khắp mọi nơi,"There were colorful flowers everywhere in the park. 
(Có những bông hoa đầy màu sắc ở khắp mọi nơi trong công viên.)"
128,excellent,adj,/ˈeksələnt/,"Xuất sắc, tuyệt vời","You did an excellent job on your English test! 
(Con đã làm bài kiểm tra tiếng Anh một cách xuất sắc!)"
129,excited,adj,/ɪkˈsaɪtɪd/,"Hào hứng, phấn khích","The children are excited about the trip to the zoo. 
(Lũ trẻ đang rất hào hứng về chuyến đi chơi sở thú.)"
130,exit,n/v,/ˈeɡzɪt/,Lối ra,"Follow the green signs to find the nearest exit. 
(Hãy đi theo các biển báo màu xanh để tìm lối ra gần nhất.)"
131,expensive,adj,/ɪkˈspensɪv/,Đắt tiền,"This new laptop is very expensive, so be careful. 
(Chiếc máy tính xách tay mới này rất đắt, nên hãy cẩn thận nhé.)"
132,explain,v,/ɪkˈspleɪn/,Giải thích,"Can you explain how to play this game again? 
(Bạn có thể giải thích lại cách chơi trò chơi này không?)"
133,explore,v,/ɪkˈsplɔːr/,Khám phá,"Let's explore the garden and look for some insects. 
(Hãy cùng khám phá khu vườn và tìm một vài con côn trùng nào.)"
134,extinct,adj,/ɪkˈstɪŋkt/,Tuyệt chủng,"Dinosaurs became extinct millions of years ago. 
(Khủng long đã bị tuyệt chủng từ hàng triệu năm trước.)"
135,factory,n,/ˈfæktəri/,Nhà máy,"This factory makes thousands of toys every day. 
(Nhà máy này sản xuất hàng ngàn đồ chơi mỗi ngày.)"
136,fall (UK autumn),n/v,/fɔːl/,"Mùa thu / Rơi, ngã","In the fall, the leaves change to orange and red. 
(Vào mùa thu, lá cây chuyển sang màu cam và đỏ.)"
137,fall over,v,/fɔːl ˈoʊvər/,"Ngã nhào, vấp ngã","Be careful on the ice, or you will fall over. 
(Hãy cẩn thận trên băng, nếu không con sẽ bị ngã nhào đấy.)"
138,far,adj/adv,/fɑːr/,Xa,"Is the library far from here? No, it's very near. 
(Thư viện có cách xa đây không? Không, nó rất gần.)"
139,fast,adj/adv,/fæst/,Nhanh,"The cheetah is the fastest animal in the world. 
(Báo săn là loài động vật nhanh nhất thế giới.)"
140,February,n,/ˈfebrueri/,Tháng 2,"February is the shortest month of the year.
(Tháng Hai là tháng ngắn nhất trong năm.)"
141,feel,v,/fiːl/,Cảm thấy,"I feel very happy when I play with my puppy. 
(Tớ thấy rất hạnh phúc khi chơi cùng chú chó con của mình.)"
142,festival,n,/ˈfestɪvl/,Lễ hội,"Mid-Autumn Festival is a special time for children. 
(Tết Trung Thu là một khoảng thời gian đặc biệt đối với trẻ em.)"
143,fetch,v,/fetʃ/,Đi lấy (vật gì về),"Can you fetch your coat from the bedroom, please? 
(Con có thể vào phòng ngủ lấy áo khoác của con ra đây được không?)"
144,a few,det,/ə fjuː/,Một vài,"There are a few apples left in the basket. 
(Còn một vài quả táo ở trong giỏ.)"
145,file (as in open and close a file),n/v,/faɪl/,"Tệp, hồ sơ","Click on the folder to open the music file. 
(Hãy bấm vào thư mục để mở tệp nhạc.)"
146,find out,v,/faɪnd aʊt/,"Tìm ra, tìm hiểu","I want to find out how bees make their honey. 
(Tớ muốn tìm hiểu xem loài ong làm ra mật như thế nào.)"
147,finger,n,/ˈfɪŋɡər/,Ngón tay,"I have five fingers on each of my hands. 
(Tớ có năm ngón tay trên mỗi bàn tay.)"
148,finish,v,/ˈfɪnɪʃ/,"Hoàn thành, xong","I will finish my breakfast in ten minutes. 
(Tớ sẽ ăn xong bữa sáng trong mười phút nữa.)"
149,fire,n,/ˈfaɪər/,"Lửa, đám cháy","The campers made a big fire to stay warm at night. 
(Những người cắm trại đã nhóm một đống lửa lớn để giữ ấm vào ban đêm.)"
150,fire engine (US fire truck),n,/ˈfaɪər endʒɪn/,Xe cứu hỏa,"The red fire engine is driving very fast with its siren. 
(Chiếc xe cứu hỏa màu đỏ đang chạy rất nhanh với tiếng còi hú.)"
151,fire fighter,n,/ˈfaɪərfaɪtər/,Lính cứu hỏa,"The brave firefighter saved the cat from the tall tree. 
(Người lính cứu hỏa dũng cảm đã cứu chú mèo khỏi cái cây cao.)"
152,fire station,n,/ˈfaɪər steɪʃn/,Trạm cứu hỏa,"There are two big red trucks at the fire station. 
(Có hai chiếc xe tải đỏ lớn ở trạm cứu hỏa.)"
153,flag,n,/flæɡ/,Lá cờ,"The national flag is flying high in the school yard. 
(Lá quốc kỳ đang tung bay cao giữa sân trường.)"
154,flashlight (UK torch),n,/ˈflæʃlaɪt/,Đèn pin,"We used a flashlight to see in the dark cave. 
(Chúng tớ đã dùng đèn pin để nhìn trong hang động tối.)"
155,flour,n,/ˈflaʊər/,Bột mì,"Mom needs some flour to bake a delicious strawberry cake. 
(Mẹ cần một ít bột mì để nướng một chiếc bánh dâu tây thơm ngon.)"
156,fog,n,/fɑːɡ/,Sương mù,"The fog was so thick that I couldn't see the road. 
(Sương mù dày đến nỗi tớ không thể nhìn thấy con đường.)"
157,foggy,adj,/ˈfɑːɡi/,Có sương mù,"It is a foggy morning, so the cars are driving slowly. 
(Hôm nay là một buổi sáng đầy sương mù, nên xe cộ đang chạy chậm.)"
158,follow,v,/ˈfɑːloʊ/,"Đi theo, làm theo","Please follow the teacher to the library. 
(Các em hãy đi theo giáo viên đến thư viện nhé.)"
159,for,prep,/fɔːr/,"Cho, dành cho","I bought this beautiful flower for my mother. 
(Tớ đã mua bông hoa đẹp này tặng mẹ tớ.)"
160,forget,v,/fərˈɡet/,Quên,"Don't forget to bring your umbrella; it's going to rain! 
(Đừng quên mang theo ô nhé; trời sắp mưa rồi đấy!)"
161,fork,n,/fɔːrk/,Cái nĩa,"I use a fork and a knife to eat my steak. 
(Tớ dùng nĩa và dao để ăn bít tết.)"
162,Frank,n,/fræŋk/,Phran-cơ,"Frank is a kind and friendly boy. 
(Phran-cơ là một cậu bé tốt bụng và thân thiện.)"
163,fridge,n,/frɪdʒ/,Tủ lạnh,"Please put the milk back into the fridge. 
(Làm ơn cất sữa lại vào trong tủ lạnh giúp tớ.)"
164,friendly,adj,/ˈfrendli/,Thân thiện,"Everyone in my new class is very kind and friendly. 
(Mọi người ở lớp mới của tớ đều rất tốt bụng và thân thiện.)"
165,frightening,adj,/ˈfraɪtnɪŋ/,Đáng sợ,"That movie about monsters was very frightening! 
(Bộ phim về những con quái vật đó thật là đáng sợ!)"
166,front,n/adj,/frʌnt/,Phía trước,"My house has a small garden in front of it. 
(Nhà của tớ có một khu vườn nhỏ ở phía trước.)"
167,full,adj,/fʊl/,Đầy,"The bus is full of people going to the city center. 
(Xe buýt đã đầy nghẹt người đi đến trung tâm thành phố.)"
168,fur,n,/fɜːr/,Lông (thú),"The rabbit has very soft and white fur. 
(Con thỏ có bộ lông rất trắng và mềm mại.)"
169,furry,adj,/ˈfɜːri/,"Nhiều lông, mịn","I love my furry teddy bear; it feels so cozy. 
(Tớ yêu chú gấu bông mịn màng của mình; cảm giác rất ấm áp.)"
170,future,n/adj,/ˈfjuːtʃər/,Tương lai,"I want to be a famous doctor in the future. 
(Tớ muốn trở thành một bác sĩ nổi tiếng trong tương lai.)"
171,gate,n,/ɡeɪt/,Cổng,"Please close the garden gate so the dog can't run out. 
(Làm ơn đóng cổng vườn lại để chú chó không chạy ra ngoài được.)"
172,glass,n,/ɡlæs/,Ly thủy tinh / Kính,"Would you like a glass of fresh orange juice? 
(Bạn có muốn một ly nước cam tươi không?)"
173,geography,n,/dʒiˈɑːɡrəfi/,Địa lý,"We learn about rivers and mountains in geography class. 
(Chúng tớ học về các dòng sông và những ngọn núi trong tiết địa lý.)"
174,glove,n,/ɡlʌv/,Găng tay,"You should wear gloves to keep your hands warm in winter. 
(Con nên đeo găng tay để giữ ấm đôi tay vào mùa đông.)"
175,George,n,/dʒɔːrdʒ/,Gioóc-giơ,"George has a pet dog named Max. 
(Gioóc-giơ có một con chó cưng tên Max.)"
176,glue,n/v,/ɡluː/,Keo dán,"Use a bit of glue to stick the picture on the paper. 
(Hãy dùng một ít keo để dán bức tranh lên giấy.)"
177,get to,v,/ɡet tu/,Đi đến,"How do you get to the park from your house? 
(Bạn đi đến công viên từ nhà bằng cách nào?)"
178,go away,v,/ɡoʊ əˈweɪ/,"Đi chỗ khác, biến đi","The rain finally went away, and the sun came out. 
(Cơn mưa cuối cùng cũng đi mất, và mặt trời đã hiện ra.)"
179,go out,v,/ɡoʊ aʊt/,Đi ra ngoài / Đi chơi,"Do you want to go out for dinner tonight? 
(Bạn có muốn đi ra ngoài ăn tối nay không?)"
180,gold,n/adj,/ɡoʊld/,Vàng,"The king wore a heavy crown made of pure gold. 
(Nhà vua đã đội một chiếc vương miện nặng nề làm bằng vàng nguyên chất.)"
181,golf,n,/ɡɑːlf/,Môn gôn,"My grandpa enjoys playing golf on Sunday mornings. 
(Ông nội tớ thích chơi gôn vào các sáng Chủ nhật.)"
182,group,n,/ɡruːp/,Nhóm,"A small group of students is practicing English now. 
(Một nhóm nhỏ học sinh đang luyện tập tiếng Anh lúc này.)"
183,guess,v,/ɡes/,Đoán,"Can you guess what I have in my pocket? 
(Bạn có đoán được tớ có cái gì trong túi không?)"
184,gym,n,/dʒɪm/,Phòng tập thể dục,"We often have our PE lessons in the school gym. 
(Chúng tớ thường có các tiết thể dục ở phòng tập của trường.)"
185,half,n/det,/hæf/,Một nửa,"Can I have half of your apple, please? 
(Tớ có thể xin một nửa quả táo của cậu được không?)"
186,happen,v,/ˈhæpən/,Xảy ra,"What will happen if we mix blue and yellow paint? 
(Điều gì sẽ xảy ra nếu chúng ta trộn màu xanh dương và màu vàng?)"
187,Helen,n,/ˈhelən/,Hê-len,"Helen sings beautifully in the school choir. 
(Hê-len hát rất hay trong đội hợp xướng của trường.)"
188,hard,adj/adv,/hɑːrd/,Cứng / Khó / Chăm chỉ,"The stone is very hard. / This math question is too hard. 
(Hòn đá rất cứng. / Câu hỏi toán này khó quá.)"
189,high,adj/adv,/haɪ/,Cao,"The birds are flying very high in the sky. 
(Những chú chim đang bay rất cao trên bầu trời.)"
190,Harry,n,/ˈhæri/,Ha-ri,"Harry is good at maths and science. 
(Ha-ri giỏi toán và khoa học.)"
191,hill,n,/hɪl/,Đồi,"We climbed up the hill to see the whole city. 
(Chúng tớ đã leo lên đồi để ngắm nhìn toàn bộ thành phố.)"
192,hate,v,/heɪt/,Ghét,"I hate eating spiders in my dreams! 
(Tớ ghét việc phải ăn những con nhện trong giấc mơ của mình!)"
193,history,n,/ˈhɪstəri/,Lịch sử,"I like history because I can learn about old kings. 
(Tớ thích lịch sử vì tớ có thể học về các vị vua ngày xưa.)"
194,hear,v,/hɪr/,Nghe thấy,"Did you hear that strange noise outside the window? 
(Bạn có nghe thấy tiếng động lạ bên ngoài cửa sổ không?)"
195,heavy,adj,/ˈhevi/,Nặng,"This backpack is so heavy! What's inside it? 
(Chiếc ba lô này nặng quá! Có cái gì bên trong thế nhỉ?)"
196,hole,n,/hoʊl/,"Cái lỗ, cái hố","The rabbit lives in a small hole under the tree. 
(Con thỏ sống trong một cái hang nhỏ dưới gốc cây.)"
197,Holly,n,/ˈhɑːli/,Hol-li,"Holly decorated the classroom with flowers. 
(Hol-li trang trí lớp học bằng những bông hoa.)"
198,honey,n,/ˈhʌni/,Mật ong,"Bees make sweet honey from many different flowers. 
(Loài ong làm ra mật ong ngọt ngào từ nhiều loài hoa khác nhau.)"
199,hope,v/n,/hoʊp/,Hy vọng,"I hope you have a wonderful time at the party! 
(Tớ hy vọng bạn có một thời gian tuyệt vời ở bữa tiệc!)"
200,horrible,adj,/ˈhɔːrəbl/,Kinh khủng,"The medicine tastes horrible, but it helps me feel better. 
(Thuốc có vị rất kinh khủng, nhưng nó giúp tớ thấy khỏe hơn.)"
201,hotel,n,/hoʊˈtel/,Khách sạn,"We stayed in a beautiful hotel near the beach during our holiday. 
(Chúng tớ đã ở trong một khách sạn đẹp gần bãi biển suốt kỳ nghỉ.)"
202,hour,n,/ˈaʊər/,"Tiếng, giờ đồng hồ","The movie lasts for one hour and thirty minutes. 
(Bộ phim kéo dài trong một tiếng ba mươi phút.)"
203,how long,phrase,/haʊ lɔːŋ/,Bao lâu,"How long does it take to walk from your house to the school? 
(Mất bao lâu để đi bộ từ nhà của bạn đến trường thế?)"
204,hurry,v/n,/ˈhɜːri/,"Nhanh lên, vội vã","Hurry up, or we will miss the school bus! 
(Nhanh lên nào, nếu không chúng mình sẽ lỡ chuyến xe buýt trường đấy!)"
205,husband,n,/ˈhʌzbənd/,Chồng,"My uncle is a very kind husband and a great father. 
(Chú tớ là một người chồng rất tốt bụng và là một người cha tuyệt vời.)"
206,if,conj,/ɪf/,Nếu,"If it rains tomorrow, we will play board games inside the house. 
(Nếu ngày mai trời mưa, chúng tớ sẽ chơi cờ bàn ở trong nhà.)"
207,if you want,phrase,/ɪf ju wɑːnt/,Nếu bạn muốn,"We can go to the ice cream shop after school if you want. 
(Chúng mình có thể đi đến tiệm kem sau giờ học nếu cậu muốn.)"
208,important,adj,/ɪmˈpɔːrtnt/,Quan trọng,"It is important to wash your hands before eating. 
(Việc rửa tay trước khi ăn là rất quan trọng.)"
209,improve,v,/ɪmˈpruːv/,"Cải thiện, tiến bộ","I practice speaking English every day to improve my skills. 
(Tớ luyện nói tiếng Anh mỗi ngày để cải thiện các kỹ năng của mình.)"
210,in a minute,phrase,/ɪn ə ˈmɪnɪt/,"Một phút nữa, ngay thôi","Please wait, I will finish my breakfast in a minute. 
(Làm ơn đợi chút, tớ sẽ ăn xong bữa sáng trong một phút nữa thôi.)"
211,information,n,/ˌɪnfərˈmeɪʃn/,Thông tin,"You can find a lot of information about dinosaurs in this book. 
(Con có thể tìm thấy rất nhiều thông tin về khủng long trong cuốn sách này.)"
212,insect,n,/ˈɪnsekt/,Côn trùng,"A ladybug is a small, colorful insect with black spots. 
(Bọ rùa là một loài côn trùng nhỏ nhắn, màu sắc với những đốm đen.)"
213,instead,adv,/ɪnˈsted/,Thay vào đó,"We didn't go to the park; instead, we went to the cinema. 
(Chúng tớ đã không đi công viên; thay vào đó, chúng tớ đã đi xem phim.)"
214,instrument,n,/ˈɪnstrəmənt/,Nhạc cụ,"Which musical instrument can you play? I can play the guitar. 
(Bạn có thể chơi nhạc cụ nào? Tớ có thể chơi đàn ghi-ta.)"
215,interested,adj,/ˈɪntrəstɪd/,"Thích thú, quan tâm","He is very interested in learning about space and stars. 
(Cậu ấy rất thích thú với việc tìm hiểu về vũ trụ và các vì sao.)"
216,interesting,adj,/ˈɪntrəstɪŋ/,Thú vị,"This adventure storybook is so interesting that I can't stop reading. 
(Cuốn sách truyện phiêu lưu này thú vị đến nỗi tớ không thể ngừng đọc.)"
217,invent,v,/ɪnˈvent/,Phát minh,"Thomas Edison used his brilliant ideas to invent the light bulb. 
(Thomas Edison đã dùng những ý tưởng tài ba của mình để phát minh ra bóng đèn.)"
218,invitation,n,/ˌɪnvɪˈteɪʃn/,"Lời mời, thiệp mời","Thank you for the invitation to your birthday party! 
(Cảm ơn bạn vì lời mời đến bữa tiệc sinh nhật nhé!)"
219,jam,n,/dʒæm/,Mứt,"I like to spread sweet strawberry jam on my bread. 
(Tớ thích phết mứt dâu tây ngọt ngào lên bánh mì của mình.)"
220,join (a club),v,/dʒɔɪn/,Tham gia (câu lạc bộ),"Would you like to join our school football club this term? 
(Cậu có muốn tham gia câu lạc bộ bóng đá của trường mình học kỳ này không?)"
221,July,n,/dʒuˈlaɪ/,tháng Bảy,"We go on holiday in July every year. 
(Chúng tôi đi nghỉ hè vào tháng Bảy mỗi năm.)"
222,January,n,/ˈdʒænjueri/,tháng Một,"January is the first month of the year. 
(Tháng Một là tháng đầu tiên trong năm.)"
223,journalist,n,/ˈdʒɜːrnəlɪst/,Nhà báo,"The journalist wrote an exciting story about the new space rocket. 
(Nhà báo đã viết một bài viết đầy thú vị về con tàu vũ trụ mới.)"
224,June,n,/dʒuːn/,tháng Sáu,"School usually ends in June. 
(Trường học thường kết thúc vào tháng Sáu.)"
225,job,n,/dʒɑːb/,"Công việc, nghề nghiệp","My father loves his job because he can design beautiful houses. 
(Bố tớ yêu công việc của mình vì bố có thể thiết kế những ngôi nhà đẹp.)"
226,journey,n,/ˈdʒɜːrni/,"Sách trình, chuyến đi","They had a long and exciting journey across Europe. 
(Họ đã có một chuyến hành trình dài và thú vị băng qua châu Âu.)"
227,just,adv,/dʒʌst/,Vừa mới / Chỉ,"Don't worry, the school bus has just arrived. 
(Đừng lo lắng, xe buýt trường học vừa mới đến xong.)"
228,Katy,n,/ˈkeɪti/,Kây-ti,"Katy brought a delicious cake to the party. 
(Kây-ti mang một chiếc bánh ngon đến bữa tiệc.)"
229,keep,v,/kiːp/,"Giữ, giữ gìn","You should keep your room tidy and clean every day. 
(Con nên giữ cho phòng của mình gọn gàng và sạch sẽ mỗi ngày.)"
230,key,n,/kiː/,Chìa khóa,"I can't find the key to open the classroom door. 
(Tớ không thể tìm thấy chìa khóa để mở cửa phòng học.)"
231,kilometre (US kilometer),n,/kɪˈlɑːmɪtər/,Ki-lô-mét,"Our house is about one kilometre away from the market. 
(Nhà của chúng tớ cách chợ khoảng một ki-lô-mét.)"
232,kind,adj/n,/kaɪnd/,Tốt bụng / Loại,"She is a kind girl who always helps her friends. 
(Cô ấy là một cô gái tốt bụng luôn luôn giúp đỡ bạn bè.)"
233,king,n,/kɪŋ/,Vua,"The wise king lived in a magnificent castle. 
(Vị vua thông thái đã sống trong một tòa lâu đài lộng lẫy.)"
234,knee,n/v,/niː/,Đầu gối,"The little boy hurt his knee when he fell on the playground. 
(Cậu bé nhỏ bị đau đầu gối khi bị ngã trên sân chơi.)"
235,knife,n,/naɪf/,Con dao,"Be careful with that sharp knife when you cut the apple. 
(Hãy cẩn thận với con dao sắc đó khi con cắt táo nhé.)"
236,land,n/v,/lænd/,Đất liền / Hạ cánh,"Look! The big plane is starting to land at the airport. 
(Nhìn kìa! Chiếc máy bay lớn đang bắt đầu hạ cánh xuống sân bay.)"
237,language,n,/ˈlæŋɡwɪdʒ/,Ngôn ngữ,"Learning a new language like English is very useful and fun. 
(Học một ngôn ngữ mới như tiếng Anh thì rất hữu ích và vui.)"
238,large,adj,/lɑːrdʒ/,"Rộng lớn, to","They live in a large house with a beautiful swimming pool. 
(Họ sống trong một ngôi nhà lớn có một bể bơi rất đẹp.)"
239,late,adj/adv,/leɪt/,"Muộn, trễ","Wake up early so you won't be late for your school test. 
(Hãy thức dậy sớm để con không bị trễ bài kiểm tra ở trường nhé.)"
240,later,adv,/ˈleɪtər/,"Sau đó, một lát sau","I am doing my homework now; I will play video games later. 
(Bây giờ tớ đang làm bài tập; tớ sẽ chơi trò chơi điện tử sau.)"
241,lazy,adj,/ˈleɪzi/,Lười biếng,"The lazy cat spent the whole afternoon sleeping on the rug. 
(Chú mèo lười biếng đã dành cả buổi chiều để ngủ trên tấm thảm.)"
242,leave,v,/liːv/,"Rời đi, bỏ quên","What time do you usually leave your house in the morning? 
(Mấy giờ thì bạn thường rời khỏi nhà vào buổi sáng?)"
243,left (as in direction),n/adj,/left/,"Bên trái, hướng trái","Turn left at the corner to find the candy shop. 
(Hãy rẽ trái ở góc đường để tìm cửa hàng bánh kẹo.)"
244,let,v,/let/,"Cho phép, để cho","Please let me use your colorful markers to color this picture. 
(Làm ơn cho phép tớ dùng bút màu của cậu để tô bức tranh này nhé.)"
245,letter (as in mail),n,/ˈletər/,"Thư, lá thư / Chữ cái","I wrote a long letter to my penfriend in Canada. 
(Tớ đã viết một lá thư dài gửi cho người bạn qua thư ở Canada.)"
246,lie (as in lie down),v,/laɪ/,Nằm xuống,"I love to lie down on the soft green grass and look at the sky. 
(Tớ thích nằm xuống bãi cỏ xanh mềm mại và ngắm nhìn bầu trời.)"
247,lift (ride),n,/lɪft/,Đi nhờ xe,"My dad gave my teacher a lift to the train station yesterday. 
(Bố tớ đã cho cô giáo đi nhờ xe đến ga tàu hỏa vào ngày hôm qua.)"
248,lift,v/n,/lɪft/,Nâng lên / Thang máy,"Can you help me lift this heavy box onto the table, please? 
(Cậu có thể giúp tớ nâng chiếc hộp nặng này lên bàn được không?)"
249,light,n/adj,/laɪt/,Ánh sáng / Nhẹ,"Please turn on the light; it's getting dark in the room. 
(Làm ơn bật đèn lên; trong phòng bắt đầu tối rồi.)"
250,a little,det/adv,/ə ˈlɪtl/,"Một chút, một ít","Add a little sugar to the tea to make it taste better. 
(Hãy thêm một chút đường vào trà để nó có vị ngon hơn.)"
251,London,n,/ˈlʌndən/,Luân Đôn,"London is the capital city of England. 
(Luân Đôn là thủ đô của nước Anh.)"
252,look after,v,/lʊk ˈæftər/,Chăm sóc,"My older sister helps look after our puppy when mom is busy. 
(Chị gái tớ giúp chăm sóc chú chó con khi mẹ bận.)"
253,look like,v,/lʊk laɪk/,Trông giống như,"That fluffy white cloud looks like a big ice cream cone! 
(Đám mây trắng bồng bềnh kia trông giống như một cây kem ốc quế lớn!)"
254,lovely,adj,/ˈlʌvli/,"Đáng yêu, tuyệt vời","We had a lovely picnic under the big tree yesterday. 
(Chúng tớ đã có một buổi dã ngoại tuyệt vời dưới gốc cây lớn ngày hôm qua.)"
255,low,adj/adv,/loʊ/,Thấp,"The birds are flying low because it is going to rain. 
(Những chú chim đang bay thấp vì trời sắp đổ mưa.)"
256,lucky,adj,/ˈlʌki/,May mắn,"You are so lucky to win the first prize in the game! 
(Cậu thật là may mắn khi giành giải nhất trong trò chơi!)"
257,magazine,n,/ˈmæɡəziːn/,Tạp chí,"My sister loves reading a fashion magazine every weekend. 
(Chị gái tớ thích đọc một cuốn tạp chí thời trang mỗi cuối tuần.)"
258,make sure,v,/meɪk ʃʊr/,"Đảm bảo, chắc chắn","Make sure you pack your lunchbox before going to school. 
(Hãy chắc chắn rằng con đã xếp hộp cơm trưa vào cặp trước khi đến trường.)"
259,manager,n,/ˈmænɪdʒər/,Người quản lý,"The bank manager is talking to the customers nicely. 
(Người quản lý ngân hàng đang trò chuyện rất lịch sự với khách hàng.)"
260,March,n,/mɑːrtʃ/,tháng Ba,"Flowers start to bloom in March. 
(Hoa bắt đầu nở vào tháng Ba.)"
261,married,adj,/ˈmærid/,Đã kết hôn,"My aunt and uncle have been married for ten years. 
(Dì và chú của tớ đã kết hôn được mười năm rồi.)"
262,match (football),n,/mætʃ/,Trận đấu (bóng đá),"Are you going to watch the football match on TV tonight? 
(Cậu có định xem trận đấu bóng đá trên ti vi tối nay không?)"
263,maths (US math),n,/mæθ/,Môn Toán,"I like math because solving puzzles is very fun. 
(Tớ thích môn toán vì việc giải các câu đố rất vui.)"
264,May,n,/meɪ/,tháng Năm,"The weather is warm and sunny in May. 
(Thời tiết ấm áp và nắng vào tháng Năm.)"
265,may,modal v,/meɪ/,Có thể (xin phép/khả năng),"May I go out to get a glass of water, please? 
(Em thưa thầy/cô, em có thể ra ngoài xin cốc nước được không ạ?)"
266,meal,n,/miːl/,Bữa ăn,"Breakfast is the most important meal of the day. 
(Bữa sáng là bữa ăn quan trọng nhất trong ngày.)"
267,mechanic,n,/məˈkænɪk/,"Thợ máy, thợ sửa xe","The mechanic is fixing the engine of my dad's car. 
(Người thợ máy đang sửa động cơ xe ô tô của bố tớ.)"
268,medicine,n,/ˈmedɪsn/,Thuốc,"You should take this medicine to feel better. 
(Con nên uống liều thuốc này để cảm thấy khỏe hơn.)"
269,meet,v,/miːt/,Gặp gỡ,"Let's meet in front of the cinema at 6 p.m. 
(Chúng mình hãy gặp nhau ở trước rạp chiếu phim lúc 6 giờ tối nhé.)"
270,meeting,n,/ˈmiːtɪŋ/,Cuộc họp,"The teachers are having an important meeting in the room. 
(Các thầy cô giáo đang có một cuộc họp quan trọng ở trong phòng.)"
271,member,n,/ˈmembər/,Thành viên,"Tom is a new member of our school chess club. 
(Tom là một thành viên mới của câu lạc bộ cờ vua trường mình.)"
272,metal,n/adj,/ˈmetl/,Kim loại,"This strong robot is made of shiny silver metal. 
(Con rô-bốt mạnh mẽ này được làm bằng kim loại màu bạc sáng lấp lánh.)"
273,Michael,n,/ˈmaɪkl/,Mai-cơn,"Michael won first prize in the art competition. 
(Mai-cơn đã giành giải nhất trong cuộc thi vẽ.)"
274,midday,n,/ˌmɪdˈdeɪ/,Trưa (12 giờ trưa),"The sun is very hot and bright at midday. 
(Mặt trời rất nóng và sáng chói vào lúc giữa trưa.)"
275,middle,n/adj,/ˈmɪdl/,Ở giữa,"There is a big round table in the middle of the room. 
(Có một chiếc bàn tròn lớn ở ngay giữa căn phòng.)"
276,midnight,n,/ˈmɪdnaɪt/,Nửa đêm (12 giờ đêm),"We stayed up until midnight to celebrate the New Year. 
(Chúng tớ đã thức đến tận nửa đêm để đón mừng năm mới.)"
277,might,modal v,/maɪt/,"Có lẽ, có thể","Take an umbrella; it might rain later this afternoon. 
(Hãy mang theo ô nhé; chiều muộn hôm nay có thể trời sẽ mưa đấy.)"
278,million,n/det,/ˈmɪljən/,Triệu,"There are millions of stars shining in the night sky. 
(Có hàng triệu ngôi sao đang tỏa sáng trên bầu trời đêm.)"
279,mind,v,/maɪnd/,"Phiền, bận tâm","Do you mind if I open the window for some fresh air? 
(Bạn có phiền không nếu tớ mở cửa sổ để đón chút không khí trong lành?)"
280,minute,n,/ˈmɪnɪt/,Phút,"Please wait for five minutes; the school bus is coming. 
(Làm ơn đợi trong năm phút nhé; xe buýt trường học đang đến rồi.)"
281,missing,adj,/ˈmɪsɪŋ/,"Bị mất, thất lạc","We found the missing puzzle piece under the sofa. 
(Chúng tớ đã tìm thấy mảnh ghép hình bị mất ở dưới ghế sô-pha.)"
282,mix,v,/mɪks/,"Trộn, pha trộn","If you mix red and yellow paint, you get orange. 
(Nếu bạn trộn màu đỏ và màu vàng, bạn sẽ được màu cam.)"
283,money,n,/ˈmʌni/,Tiền,"I am saving my money to buy a new bicycle. 
(Tớ đang tiết kiệm tiền để mua một chiếc xe đạp mới.)"
284,month,n,/mʌnθ/,Tháng,"There are twelve months in a year, and May is my favorite. 
(Có mười hai tháng trong một năm, và tháng Năm là tháng yêu thích của tớ.)"
285,motorway,n,/ˈmoʊtərweɪ/,Đường cao tốc,"The cars are driving very fast on the motorway. 
(Các xe ô tô đang chạy rất nhanh trên đường cao tốc.)"
286,much,det/adv,/mʌtʃ/,Nhiều,"How much milk is left in the big bottle? 
(Còn lại bao nhiêu sữa trong cái chai lớn thế?)"
287,museum,n,/mjuˈziːəm/,Bảo tàng,"We saw ancient things and giant dinosaur bones at the museum. 
(Chúng tớ đã nhìn thấy những đồ vật cổ xưa và xương khủng long khổng lồ ở bảo tàng.)"
288,necklace,n,/ˈnekləs/,Vòng cổ,"My mother wore a beautiful pearl necklace to the party. 
(Mẹ tớ đã đeo một chiếc vòng cổ ngọc trai xinh đẹp đến bữa tiệc.)"
289,nest,n/v,/nest/,Tổ chim,"Look! There are three tiny blue eggs inside the bird's nest. 
(Nhìn kìa! Có ba quả trứng màu xanh nhỏ xíu bên trong tổ chim.)"
290,news,n,/nuːz/,Tin tức,"My grandpa watches the evening news on TV every day. 
(Ông nội tớ xem tin tức buổi tối trên ti vi mỗi ngày.)"
291,newspaper,n,/ˈnuːzpeɪpər/,Tờ báo,"Dad is reading a newspaper while drinking his hot coffee. 
(Bố đang đọc báo trong khi uống cà phê nóng.)"
292,next,adj/adv,/nekst/,"Tiếp theo, bên cạnh","The toy shop is next to the big sweet bakery. 
(Cửa hàng đồ chơi nằm ngay bên cạnh tiệm bánh ngọt lớn.)"
293,no problem,phrase,/noʊ ˈprɑːbləm/,Không có chi / Dễ thôi,"Thank you for helping me! - ""No problem!"" 
(Cảm ơn bạn đã giúp tớ! - ""Không có chi!"")"
294,noisy,adj,/ˈnɔɪzi/,Ồn ào,"The classroom was very noisy before the teacher came in. 
(Lớp học đã rất ồn ào trước khi giáo viên bước vào.)"
295,no-one,pron,/ˈnoʊ wʌn/,Không một ai,"The room was dark and empty; no-one was there. 
(Căn phòng tối om và trống rỗng; không có một ai ở đó cả.)"
296,north,n/adj/adv,/nɔːrθ/,Hướng bắc,"The birds are flying north to enjoy the warm summer. 
(Những chú chim đang bay về hướng bắc để tận hưởng mùa hè ấm áp.)"
297,November,n,/noʊˈvembər/,tháng Mười Một,"The weather gets cold in November. 
(Thời tiết trở lạnh vào tháng Mười Một.)"
298,nowhere,adv,/ˈnoʊwer/,Không nơi nào,"I looked for my keys everywhere, but they were nowhere. 
(Tớ đã tìm chìa khóa ở khắp mọi nơi, nhưng chẳng thấy ở nơi nào cả.)"
299,ocean,n,/ˈoʊʃn/,Đại dương,"Dolphins and huge whales love swimming in the deep ocean. 
(Cá heo và những con cá voi khổng lồ thích bơi lội ở đại dương sâu thẳm.)"
300,October,n,/ɑːkˈtoʊbər/,tháng Mười,"Halloween is celebrated on October 31st. 
(Halloween được tổ chức vào ngày 31 tháng Mười.)"
301,octopus,n,/ˈɑːktəpʊs/,Con bạch tuộc,"An octopus has eight long arms and lives deep in the ocean. 
(Một con bạch tuộc có tám cánh tay dài và sống ở sâu dưới đại dương.)"
302,of course,phrase,/əv ˈkɔːrs/,Tất nhiên rồi,"Can you help me with this puzzle? - ""Of course I can!"" 
(Bạn có thể giúp tớ làm trò chơi xếp hình này không? - ""Tất nhiên là được chứ!"")"
303,office,n,/ˈɑːfɪs/,Văn phòng,"My mom works in a big, modern office in the city center. 
(Mẹ tớ làm việc trong một văn phòng lớn và hiện đại ở trung tâm thành phố.)"
304,Oliver,n,/ˈɑːlɪvər/,Ô-li-vơ,"Oliver loves playing the piano after school. 
(Ô-li-vơ thích chơi đàn piano sau giờ học.)"
305,olives,n,/ˈɑːlɪvz/,Quả ô-liu,"She loves to put green and black olives on her pizza. 
(Cô ấy thích cho quả ô-liu xanh và đen lên bánh pizza của mình.)"
306,once,adv,/wʌns/,Một lần,"I go to the library once a week to borrow adventure books. 
(Tớ đến thư viện một lần một tuần để mượn sách phiêu lưu.)"
307,online,adj/adv,/ˌɑːnˈlaɪn/,"Trực tuyến, trên mạng","We sometimes have fun online English lessons with our teacher. 
(Thỉnh thoảng chúng tớ có những tiết học tiếng Anh trực tuyến rất vui với giáo viên.)"
308,other,det/pron,/ˈʌðər/,Khác,"This marker is broken; please give me the other one. 
(Chiếc bút màu này bị hỏng rồi; làm ơn đưa cho tớ chiếc khác nhé.)"
309,oven,n,/ˈʌvn/,Lò nướng,"Be careful! The oven is very hot because Mom is baking cookies. 
(Cẩn thận nhé! Lò nướng đang rất nóng vì mẹ đang nướng bánh quy.)"
310,over,prep,/ˈoʊvər/,"Qua, phía trên / Hết","The brave dog jumped over the small garden wall. 
(Chú chó dũng cảm đã nhảy qua bức tường vườn nhỏ.)"
311,p.m. (for time - post meridiem),phrase,/ˌpiː ˈem/,Giờ chiều/tối,"Our school football match starts at 4 p.m. this Friday. 
(Trận bóng đá của trường chúng tớ bắt đầu lúc 4 giờ chiều Thứ Sáu này.)"
312,pajamas (UK pyjamas),n,/pəˈdʒæməz/,Bộ đồ ngủ,"I always put on my favorite blue pajamas before going to bed. 
(Tớ luôn mặc bộ đồ ngủ màu xanh yêu thích trước khi đi ngủ.)"
313,passenger,n,/ˈpæsɪndʒər/,Hành khách,"There are many passengers waiting for the train on the platform. 
(Có rất nhiều hành khách đang đợi tàu hỏa trên sân ga.)"
314,past,prep/n/adj,/pæst/,Qua (giờ / Quá khứ),"It's half past seven, so it's time to get ready for school. 
(Bây giờ là bảy giờ rưỡi rồi, nên đã đến lúc chuẩn bị đi học.)"
315,path,n,/pæθ/,"Đường mòn, lối đi","Follow the small stone path to find the secret garden. 
(Hãy đi theo lối đi nhỏ bằng đá này để tìm khu vườn bí mật.)"
316,pepper,n,/ˈpepər/,Ớt / Hạt tiêu,"Do you like eating green peppers in your salad? 
(Cậu có thích ăn ớt chuông xanh trong món sa-lát không?)"
317,perhaps,adv,/pərˈhæps/,Có lẽ,"Perhaps we can go for a walk in the park if the rain stops. 
(Có lẽ chúng mình có thể đi dạo ngoài công viên nếu trời tạnh mưa.)"
318,photographer,n,/fəˈtɑːɡrəfər/,Nhiếp ảnh gia,"The photographer took an amazing picture of the flying eagle. 
(Nhiếp ảnh gia đã chụp được một bức ảnh tuyệt vời về chú chim đại bàng đang bay.)"
319,piece,n,/piːs/,"Mảnh, miếng","Would you like a piece of this delicious strawberry cake? 
(Bạn có muốn một miếng bánh dâu tây thơm ngon này không?)"
320,pilot,n,/ˈpaɪlət/,Phi công,"The friendly pilot waved to the children before the plane took off. 
(Người phi công thân thiện đã vẫy tay chào lũ trẻ trước khi máy bay cất cánh.)"
321,pizza,n,/ˈpiːtsə/,Bánh pizza,"My family often shares a large tomato and cheese pizza on Saturdays. 
(Gia đình tớ thường cùng ăn một chiếc bánh pizza cà chua và phô mai lớn vào các ngày thứ Bảy.)"
322,planet,n,/ˈplænɪt/,Hành tinh,"Earth is the beautiful blue planet where we live. 
(Trái Đất là hành tinh xanh xinh đẹp nơi chúng ta đang sống.)"
323,plastic,n/adj,/ˈplæstɪk/,"Nhựa, bằng nhựa","We shouldn't use plastic bags to protect our environment. 
(Chúng ta không nên dùng túi nhựa để bảo vệ môi trường của mình.)"
324,platform,n,/ˈplætfɔːrm/,Sân ga,"The train to London is waiting at platform number three. 
(Chuyến tàu đến London đang đợi ở sân ga số ba.)"
325,pleased,adj,/pliːzd/,"Hài lòng, vui mừng","The teacher was very pleased with our excellent project. 
(Cô giáo đã rất hài lòng với dự án xuất sắc của chúng tớ.)"
326,pocket,n,/ˈpɑːkɪt/,Túi quần/áo,"He put the small silver key inside his jacket pocket. 
(Cậu ấy đã cất chiếc chìa khóa nhỏ màu bạc vào trong túi áo khoác.)"
327,police officer,n,/pəˈliːs ɑːfɪsər/,Cảnh sát,"The police officer helped the lost boy find his mother. 
(Người cảnh sát đã giúp cậu bé bị lạc tìm thấy mẹ của mình.)"
328,police station,n,/pəˈliːs steɪʃn/,Đồn cảnh sát,"The police station is next to the big city museum. 
(Đồn cảnh sát nằm ngay cạnh bảo tàng lớn của thành phố.)"
329,pond,n,/pɑːnd/,"Ao, hồ nhỏ","There are three green frogs jumping around the duck pond. 
(Có ba chú ếch xanh đang nhảy quanh hồ vịt.)"
330,poor,adj,/pʊr/,Nghèo / Tội nghiệp,"Oh, poor little kitten! It got completely wet in the rain. 
(Ôi, chú mèo con tội nghiệp! Nó đã bị ướt sũng dưới trời mưa.)"
331,pop music,n,/ˈpɑːp mjuːzɪk/,Nhạc pop,"My older sister loves listening to energetic pop music. 
(Chị gái tớ rất thích nghe nhạc pop đầy sôi động.)"
332,popular,adj,/ˈpɑːpjələr/,"Phổ biến, được yêu thích","Football is the most popular sport at my school. 
(Bóng đá là môn thể thao được yêu thích nhất ở trường tớ.)"
333,post,v/n,/poʊst/,Gửi bưu điện / Thư,"Don't forget to post this Christmas card to your grandpa. 
(Đừng quên gửi tấm thiệp Giáng sinh này cho ông nội của con nhé.)"
334,post office,n,/ˈpoʊst ɑːfɪs/,Bưu điện,"I went to the post office to buy some colorful stamps. 
(Tớ đã đến bưu điện để mua một vài con tem đầy màu sắc.)"
335,postcard,n,/ˈpoʊstkɑːrd/,Bưu thiếp,"She sent me a lovely postcard from her holiday in Singapore. 
(Cô ấy đã gửi cho tớ một tấm bưu thiếp dễ thương từ kỳ nghỉ của cô ấy ở Singapore.)"
336,prefer,v,/prɪˈfɜːr/,Thích hơn,"I prefer drinking fresh milk to drinking sweet soda. 
(Tớ thích uống sữa tươi hơn là uống nước ngọt.)"
337,prepare,v,/prɪˈper/,Chuẩn bị,"We need to prepare our backpacks for the school camping trip. 
(Chúng mình cần chuẩn bị ba lô cho chuyến cắm trại của trường.)"
338,prize,n,/praɪz/,Giải thưởng,"He won the first prize in the English speaking competition. 
(Cậu ấy đã giành giải nhất trong cuộc thi hùng biện tiếng Anh.)"
339,problem,n,/ˈprɑːbləm/,Vấn đề / Bài toán,"This math problem is a bit hard, but I can solve it. 
(Bài toán này hơi khó một chút, nhưng tớ có thể giải được.)"
340,programme (US program),n,/ˈproʊɡræm/,Chương trình,"My favorite nature programme about wild animals starts now. 
(Chương trình thiên nhiên yêu thích của tớ về động vật hoang dã bắt đầu ngay bây giờ.)"
341,project,n,/ˈprɑːdʒekt/,"Dự án, bài tập lớn","Our group is doing a science project about insects. 
(Nhóm của chúng tớ đang làm một bài tập khoa học về các loài côn trùng.)"
342,pull,v,/pʊl/,Kéo,"You need to pull the door strongly to open it. 
(Cậu cần phải kéo mạnh chiếc cửa này ra để mở nó đấy.)"
343,push,v,/pʊʃ/,Đẩy,"Don't pull the heavy cart; it is easier to push it. 
(Đừng kéo chiếc xe đẩy nặng đó; đẩy nó đi thì sẽ dễ dàng hơn.)"
344,puzzle,n,/ˈpʌzl/,"Trò chơi đố vui, xếp hình","Let's solve this fun crossword puzzle together during break time. 
(Hãy cùng nhau giải trò chơi ô chữ vui nhộn này trong giờ giải lao nhé.)"
345,pyjamas (US pajamas),n,/pəˈdʒæməz/,Bộ đồ ngủ,"I always put on my favorite blue pajamas before going to bed. 
(Tớ luôn mặc bộ đồ ngủ màu xanh yêu thích trước khi đi ngủ.)"
346,pyramid,n,/ˈpɪrəmɪd/,Hình chóp / Kim tự tháp,"We saw pictures of the ancient stone pyramids in Egypt. 
(Chúng tớ đã nhìn thấy những bức ảnh về các kim tự tháp bằng đá cổ xưa ở Ai Cập.)"
347,quarter,n,/ˈkwɔːrtər/,Một phần tư (15 phút),"It is a quarter past ten, so let's finish our game. 
(Bây giờ là mười giờ mười lăm rồi, chúng mình dừng trò chơi thôi nào.)"
348,queen,n/v,/kwiːn/,Nữ hoàng,"The queen waved kindly to everyone from her golden carriage. 
(Nữ hoàng đã vẫy tay chào mọi người một cách thân thiện từ chiếc xe ngựa bằng vàng.)"
349,quite,adv,/kwaɪt/,"Khá, hoàn toàn","The English test yesterday was quite long but not too hard. 
(Bài kiểm tra tiếng Anh ngày hôm qua khá dài nhưng không quá khó.)"
350,quiz,n,/kwɪz/,"Cuộc thi đố vui, bài kiểm tra ngắn","Our teacher gave us a fun vocabulary quiz this morning. 
(Sáng nay cô giáo đã cho chúng tớ làm một bài trắc nghiệm từ vựng rất vui.)"
351,race,n/v,/reɪs/,Cuộc đua / Đua tốc độ,"The children had a running race in the school yard. 
(Lũ trẻ đã có một cuộc đua chạy bộ ở sân trường.)"
352,racing (car; bike),n,/ˈreɪsɪŋ/,Đua (xe ô tô; xe đạp),"My brother loves watching exciting car racing on TV. 
(Anh trai tớ rất thích xem đua xe ô tô đầy kịch tính trên ti vi.)"
353,railway,n,/ˈreɪlweɪ/,"Đường ray, đường sắt","The train is moving fast along the railway. 
(Đoàn tàu đang di chuyển nhanh trên đường ray.)"
354,ready,adj,/ˈredi/,Sẵn sàng,"Are you ready for the English speaking competition? 
(Con đã sẵn sàng cho cuộc thi hùng biện tiếng Anh chưa?)"
355,remember,v,/rɪˈmembər/,"Nhớ, ghi nhớ","Please remember to turn off the lights before you leave. 
(Hãy nhớ tắt đèn trước khi ra về nhé.)"
356,repair,v,/rɪˈper/,Sửa chữa,"The mechanic can repair my dad's broken car easily. 
(Người thợ máy có thể sửa chiếc xe ô tô bị hỏng của bố tớ một cách dễ dàng.)"
357,repeat,v/n,/rɪˈpiːt/,"Nhắc lại, lặp lại","Could you please repeat the question, teacher? 
(Thưa thầy/cô, thầy/cô có thể nhắc lại câu hỏi được không ạ?)"
358,restaurant,n,/ˈrestərɑːnt/,Nhà hàng,"Our family had a delicious dinner at a pizza restaurant. 
(Gia đình tớ đã có một bữa tối ngon miệng tại một nhà hàng pizza.)"
359,rich,adj,/rɪtʃ/,Giàu có,"The rich king lived in a huge and beautiful castle. 
(Vị vua giàu có đã sống trong một tòa lâu đài to lớn và xinh đẹp.)"
360,Richard,n,/ˈrɪtʃərd/,Ri-chat,"Richard helped his mother cook dinner. 
(Ri-chat đã giúp mẹ nấu bữa tối.)"
361,right,adj/adv,/raɪt/,Đúng / Ngay lập tức,"Your answer is exactly right! Excellent job! 
(Câu trả lời của con hoàn toàn đúng rồi! Xuất sắc lắm!)"
362,right (as in direction),n/adj/adv,/raɪt/,"Bên phải, hướng phải","Turn right at the corner to see the big bookstore. 
(Hãy rẽ phải ở góc đường để thấy hiệu sách lớn.)"
363,ring,n/v,/rɪŋ/,Chiếc nhẫn / Rung chuông,"My mother wears a beautiful gold ring on her finger. 
(Mẹ tớ đeo một chiếc nhẫn vàng rất đẹp trên ngón tay.)"
364,Robert,n,/ˈrɑːbərt/,Rô-bớt,"Robert rides his bicycle to school every day. 
(Rô-bớt đi xe đạp đến trường mỗi ngày.)"
365,rock music,n,/ˈrɑːk mjuːzɪk/,Nhạc rock,"The drums are very loud when they play rock music. 
(Tiếng trống kêu rất to khi họ chơi nhạc rock.)"
366,rocket,n/v,/ˈrɑːkɪt/,Tên lửa,"The giant rocket flew high up into dark space. 
(Chiếc tên lửa khổng lồ đã bay cao vút vào không gian tối thẳm.)"
367,rucksack (US backpack),n,/ˈrʌksæk/,Ba lô," 
(Đã có mục từ ""backpack"" theo giọng Mỹ)"
368,salt,n,/sɔːlt/,Muối,"Don't put too much salt in the soup; it will taste bad. 
(Đừng cho quá nhiều muối vào súp; nó sẽ bị dở đấy.)"
369,same,adj/pron,/seɪm/,"Giống nhau, cùng một","The twins are wearing the same green T-shirts today. 
(Hai bạn sinh đôi hôm nay đang mặc những chiếc áo phông màu xanh giống nhau.)"
370,Sarah,n,/ˈserə/,Xa-ra,"Sarah draws beautiful pictures in her notebook. 
(Xa-ra vẽ những bức tranh đẹp trong cuốn vở của mình.)"
371,save,v,/seɪm/,Tiết kiệm / Cứu,"I put coins in my piggy bank to save money for a bike. 
(Tớ bỏ tiền xu vào lợn đất để tiết kiệm tiền mua xe đạp.)"
372,science,n,/ˈsaɪəns/,Khoa học,"We learn about planets and insects in science class. 
(Chúng tớ học về các hành tinh và côn trùng trong tiết khoa học.)"
373,scissors,n,/ˈsɪzərz/,Cái kéo,"Use those plastic scissors to cut the colorful paper. 
(Hãy dùng chiếc kéo nhựa kia để cắt tờ giấy màu nhé.)"
374,score,n/v,/skɔːr/,Điểm số / Ghi bàn,"He managed to score a great goal in the football match. 
(Cậu ấy đã ghi được một bàn thắng tuyệt vời trong trận đấu bóng đá.)"
375,screen,n,/skriːn/,Màn hình,"Please don't look at the computer screen for too long. 
(Làm ơn đừng nhìn vào màn hình máy tính quá lâu.)"
376,search,v/n,/sɜːrtʃ/,Tìm kiếm,"We can search the internet to find information about dinosaurs. 
(Chúng ta có thể tìm kiếm trên mạng để tìm thông tin về khủng long.)"
377,secret,n/adj,/ˈsiːkrət/,Bí mật,"She whispered a fun secret into her best friend's ear. 
(Cô ấy đã thì thầm một bí mật vui nhộn vào tai người bạn thân của mình.)"
378,sell,v,/sel/,Bán,"The sweet shop down the road sells delicious ice cream. 
(Cửa hàng bánh kẹo ở phía dưới đường có bán kem rất ngon.)"
379,September,n,/sepˈtembər/,tháng Chín,"The new school year begins in September. 
(Năm học mới bắt đầu vào tháng Chín.)"
380,several,det/pron,/ˈsevrəl/,"Vài, một số","There are several colorful birds sitting on the tree branch. 
(Có một vài chú chim đầy màu sắc đang đậu trên cành cây.)"
381,shampoo,n/v,/ʃæmˈpuː/,Dầu gội đầu,"This sweet strawberry shampoo makes your hair smell lovely. 
(Dầu gội dâu tây ngọt ngào này làm cho tóc con có mùi hương rất dễ chịu.)"
382,shelf,n,/ʃelf/,"Cái kệ, giá sách","Put your adventure books back onto the top shelf. 
(Hãy cất những cuốn sách phiêu lưu của con lại lên chiếc kệ trên cùng nhé.)"
383,should,modal v,/ʃʊd/,Nên,"You should eat more vegetables because they are good for you. 
(Con nên ăn nhiều rau xanh hơn vì chúng rất tốt cho con.)"
384,silver,n/adj,/ˈsɪlvər/,"Bạc, bằng bạc","The brave knight carried a shiny silver sword. 
(Người hiệp sĩ dũng cảm đã mang theo một thanh kiếm bạc sáng loáng.)"
385,since,prep/conj,/sɪns/,"Từ khi, vì","I have been interested in space since I was five years old. 
(Tớ đã thích thú với vũ trụ từ khi tớ năm tuổi.)"
386,singer,n,/ˈsɪŋər/,Ca sĩ,"The popular singer sang a beautiful song at the concert. 
(Người ca sĩ được yêu thích đã hát một bài hát rất hay tại buổi hòa nhạc.)"
387,ski,v/n,/skiː/,Trượt tuyết,"We want to learn how to ski on the snowy mountain. 
(Chúng tớ muốn học cách trượt tuyết trên ngọn núi đầy tuyết.)"
388,skyscraper,n,/ˈskaɪskreɪpər/,Nhà chọc trời,"That modern skyscraper has more than one hundred floors. 
(Tòa nhà chọc trời hiện đại đó có hơn một trăm tầng.)"
389,sledge,n/v,/sledʒ/,Xe trượt tuyết,"The children went down the hill fast on their wooden sledge. 
(Lũ trẻ đã lao xuống đồi rất nhanh trên chiếc xe trượt tuyết bằng gỗ.)"
390,sore,adj,/sɔːr/,"Đau, nhức","My throat is sore because I coughed a lot last night. 
(Cổ họng tớ bị đau vì đêm qua tớ đã ho rất nhiều.)"
391,stamp,n/v,/stæmp/,Con tem / Dậm chân,"Put a colorful stamp on the envelope before posting the letter. 
(Hãy dán một con tem sặc sỡ lên phong bì trước khi gửi thư nhé.)"
392,sound,n/v,/saʊnd/,Âm thanh / Nghe có vẻ,"Did you hear that strange sound coming from the dark room? 
(Cậu có nghe thấy âm thanh kỳ lạ phát ra từ căn phòng tối không?)"
393,stay,v/n,/steɪ/,Ở lại,"We decided to stay inside the house because of the heavy rain. 
(Chúng tớ quyết định ở lại trong nhà vì trời mưa to.)"
394,smell,v/n,/smel/,Ngửi / Có mùi hương,"These fresh flowers smell so lovely in the garden. 
(Những bông hoa tươi này tỏa hương thật dễ chịu trong vườn.)"
395,snack,n/v,/snæk/,"Đồ ăn vặt, bữa phụ","I always bring a healthy snack like an apple to school. 
(Tớ luôn mang theo một món ăn nhẹ tốt cho sức khỏe như một quả táo đến trường.)"
396,snowball,n,/ˈsnoʊbɔːl/,Quả bóng tuyết,"Tom threw a big snowball at his brother during the game. 
(Tom đã ném một quả bóng tuyết lớn vào anh trai mình trong lúc chơi.)"
397,south,n/adj/adv,/saʊθ/,Hướng nam,"The plane is flying south to the warm sunny island. 
(Chiếc máy bay đang bay về hướng nam để đến hòn đảo đầy nắng ấm áp.)"
398,step,n/v,/step/,Bước chân / Bậc thang,"Be careful and watch your step when you walk down. 
(Hãy cẩn thận và chú ý bước chân khi con đi xuống nhé.)"
399,space,n,/speɪs/,Vũ trụ / Khoảng trống,"Astronauts travel into outer space in giant rockets. 
(Các phi hành gia du hành vào vũ trụ bao la trên những chiếc tên lửa khổng lồ.)"
400,still,adv,/stɪl/,"Vẫn, vẫn còn","It is 9 p.m., but my older sister is still doing her project. 
(Đã 9 giờ tối rồi nhưng chị gái tớ vẫn đang làm dự án của chị ấy.)"
401,spaceship,n,/ˈspeɪsʃɪp/,Tàu vũ trụ,"The astronauts flew a giant spaceship to the moon. 
(Các phi hành gia đã lái một con tàu vũ trụ khổng lồ đến mặt trăng.)"
402,stone,n,/stoʊn/,"Hòn đá, viên đá","He skipped a flat stone across the surface of the pond. 
(Cậu ấy đã ném lướt một viên đá phẳng trên mặt ao.)"
403,snowboard,n,/ˈsnoʊbɔːrd/,Ván trượt tuyết,"She got a brand new red snowboard for her winter holiday. 
(Cô ấy đã có một chiếc ván trượt tuyết màu đỏ mới tinh cho kỳ nghỉ đông.)"
404,speak,v,/spiːk/,"Nói, phát biểu","I want to learn to speak English fluently and confidently. 
(Tớ muốn học cách nói tiếng Anh một cách lưu loát và tự tin.)"
405,storm,n,/stɔːrm/,Cơn bão,"The heavy rain and strong wind showed that a storm was coming. 
(Mưa to và gió lớn cho thấy một cơn bão đang đến gần.)"
406,snowboarding,n,/ˈsnoʊbɔːrdɪŋ/,Môn trượt ván tuyết,"Snowboarding is an exciting and popular winter sport. 
(Trượt ván tuyết là một môn thể thao mùa đông rất thú vị và phổ biến.)"
407,special,adj,/ˈspeʃl/,Đặc biệt,"Mom baked a special chocolate cake for my birthday party. 
(Mẹ đã nướng một chiếc bánh sô-cô-la đặc biệt cho bữa tiệc sinh nhật của tớ.)"
408,snowman,n,/ˈsnoʊmæn/,Người tuyết,"The children built a happy snowman with a carrot nose. 
(Lũ trẻ đã làm một người tuyết vui vẻ có chiếc mũi bằng cà rốt.)"
409,spend,v,/spend/,Dành (thời gian) / Tiêu (tiền),"We like to spend our weekends playing at Changi Beach Park. 
(Chúng tớ thích dành những ngày cuối tuần để vui chơi ở công viên bãi biển Changi.)"
410,straight on,adv/phrase,/streɪt ɑːn/,Đi thẳng,"Go straight on for two blocks to find the big museum. 
(Hãy đi thẳng hai dãy nhà nữa để tìm thấy bảo tàng lớn.)"
411,strange,adj,/streɪndʒ/,Kỳ lạ,"We heard a strange sound coming from the old dark cave. 
(Chúng tớ đã nghe thấy một âm thanh kỳ lạ phát ra từ hang động tối tăm cũ kỹ.)"
412,so,adv/conj,/soʊ/,Vì vậy / Quá,"The exam was quite long, so I had to write very fast. 
(Bài kiểm tra khá dài, vì vậy tớ đã phải viết rất nhanh.)"
413,spoon,n,/spuːn/,"Cái thìa, cái muỗng","Use a silver spoon to eat your hot chicken soup. 
(Hãy dùng một chiếc thìa bạc để ăn món súp gà nóng của con nhé.)"
414,strawberry,n,/ˈstrɔːberi/,Quả dâu tây,"I love spreading sweet strawberry jam on my bread. 
(Tớ thích phết mứt dâu tây ngọt ngào lên bánh mì của mình.)"
415,soap,n,/soʊp/,Xà phòng,"Wash your hands with soap before having a meal. 
(Hãy rửa tay bằng xà phòng trước khi ăn cơm nhé.)"
416,soft,adj,/sɔːft/,Mềm mại,"The little cat has very soft and beautiful white fur. 
(Chú mèo nhỏ có một bộ lông màu trắng rất mềm mại và xinh đẹp.)"
417,spot,n,/spɑːt/,"Đốm, điểm / Nơi","A ladybug is a small red insect with black spots. 
(Bọ rùa là một loài côn trùng nhỏ màu đỏ với những đốm đen.)"
418,spotted,adj,/ˈspɑːtɪd/,"Có đốm, lốm đốm","The young deer has a lovely spotted coat to hide in the forest. 
(Chú hươu non có một bộ lông đốm rất dễ thương để trốn trong rừng.)"
419,stream,n,/striːm/,Dòng suối,"Clear water flows gently down the mountain stream. 
(Dòng nước trong vắt chảy nhẹ nhàng xuống con suối trên núi.)"
420,stripe,n/v,/straɪp/,"Sọc, vằn","Zebras are special wild animals with black and white stripes. 
(Ngựa vằn là loài động vật hoang dã đặc biệt với các sọc đen và trắng.)"
421,somewhere,adv/pron,/ˈsʌmwer/,Một nơi nào đó,"I left my plastic scissors somewhere in the classroom. 
(Tớ đã bỏ quên chiếc kéo nhựa của mình ở một nơi nào đó trong lớp học.)"
422,spring,n,/sprɪŋ/,Mùa xuân,"Beautiful colorful flowers begin to open in the spring. 
(Những bông hoa màu sắc rực rỡ bắt đầu nở vào mùa xuân.)"
423,striped,adj/v,/straɪpt/,"Có sọc, kẻ sọc","He wore a comfortable striped T-shirt to the school picnic. 
(Cậu ấy đã mặc một chiếc áo phông kẻ sọc thoải mái đến buổi dã ngoại của trường.)"
424,soon,adv,/suːn/,"Sớm, chẳng mấy chốc","Don't worry, the school holiday will start very soon. 
(Đừng lo lắng, kỳ nghỉ của trường sẽ bắt đầu rất sớm thôi.)"
425,Sophia,n,/soʊˈfiːə/,Sô-phi-a,"Sophia is the top student in her class. 
(Sô-phi-a là học sinh giỏi nhất lớp.)"
426,stadium,n,/ˈsteɪdiəm/,Sân vận động,"Thousands of people went to the stadium to watch the football match. 
(Hàng ngàn người đã đến sân vận động để xem trận đấu bóng đá.)"
427,swan,n,/swɑːn/,Chim thiên nga,"A beautiful white swan is swimming elegantly on the lake. 
(Một chú chim thiên nga trắng xinh đẹp đang bơi lội thanh lịch trên hồ.)"
428,swing,n/v,/swɪŋ/,Cái xích đu / Đung đưa,"The children love to play on the swing at the playground. 
(Lũ trẻ rất thích chơi trên chiếc xích đu ở sân chơi.)"
429,student,n,/ˈstuːdnt/,"Học sinh, sinh viên","Every student in this class is working hard on the project. 
(Mỗi học sinh trong lớp này đều đang chăm chỉ làm dự án.)"
430,subject,n,/ˈsʌbdʒɪkt/,Môn học / Chủ đề,"Which school subject do you prefer, math or science? 
(Cậu thích môn học nào ở trường hơn, môn toán hay khoa học?)"
431,such,det/pron,/sʌtʃ/,"Như vậy, như thế","It was such an interesting book that I read it twice. 
(Đó quả là một cuốn sách thú vị đến nỗi tớ đã đọc nó tận hai lần.)"
432,suddenly,adv,/ˈsʌdənli/,"Đột nhiên, bỗng nhiên","Suddenly, a fluffy grey rabbit jumped out of the green bush. 
(Bỗng nhiên, một chú thỏ xám bồng bềnh nhảy ra khỏi bụi cây xanh.)"
433,sugar,n,/ˈʃʊɡər/,Đường (ăn),"Add a little sugar to the strawberry smoothie to make it sweet. 
(Hãy thêm một ít đường vào sinh tố dâu tây để làm nó ngọt nhé.)"
434,suitcase,n,/ˈsuːtkeɪs/,Vali hành lý,"She packed her colorful clothes into a large suitcase for the trip. 
(Cô ấy đã xếp quần áo rực rỡ của mình vào một chiếc vali lớn cho chuyến đi.)"
435,summer,n,/ˈsʌmər/,Mùa hè,"We often go swimming at the beach during the hot summer. 
(Chúng tớ thường đi bơi ở bãi biển suốt mùa hè nóng bức.)"
436,sunglasses,n,/ˈsʌnɡlæsɪz/,"Kính râm, kính mát","You should wear sunglasses to protect your eyes from the bright sun. 
(Con nên đeo kính râm để bảo vệ đôi mắt khỏi ánh mặt trời chói chang.)"
437,sure,adj/adv,/ʃʊr/,Chắc chắn,"Make sure you bring your backpack before leaving the house. 
(Hãy chắc chắn rằng con đã mang theo ba lô trước khi rời khỏi nhà.)"
438,surname,n,/ˈsɜːrneɪm/,Họ (tên họ),"Write your first name and your surname on the exam paper. 
(Hãy viết tên và họ của con lên trên tờ giấy thi.)"
439,surprise,n/v,/sərˈpraɪz/,Sự ngạc nhiên / Làm bất ngờ,"The secret birthday party was a wonderful surprise for him. 
(Bữa tiệc sinh nhật bí mật quả là một sự bất ngờ tuyệt vời dành cho cậu ấy.)"
440,stage (theatre),n,/steɪdʒ/,Sân khấu (nhà hát),"The talented actors stood on the stage and bowed to everyone. 
(Những diễn viên tài năng đã đứng trên sân khấu và cúi chào mọi người.)"
441,study,v/n,/ˈstʌdi/,"Học tập, nghiên cứu","I need to study hard to pass my final English test. 
(Tớ cần phải học tập chăm chỉ để vượt qua bài kiểm tra tiếng Anh cuối kỳ.)"
442,take (as in time e.g. it takes 20 minutes),v,/teɪk/,Mất (bao nhiêu thời gian),"It takes about twenty minutes to walk from my house to school. 
(Mất khoảng hai mươi phút để đi bộ từ nhà tớ đến trường.)"
443,taste,v/n,/teɪst/,Có vị / Nếm thử,"This fresh strawberry ice cream tastes absolutely delicious. 
(Món kem dâu tây tươi này có vị hoàn toàn thơm ngon.)"
444,taxi,n,/ˈtæksi/,Xe tắc-xi,"We took a yellow taxi to go to the city museum yesterday. 
(Chúng tớ đã đi một chiếc xe tắc-xi màu vàng để đến bảo tàng thành phố ngày hôm qua.)"
445,team,n,/tiːm/,"Đội, nhóm","Our school football team won the first prize in the competition. 
(Đội bóng đá trường chúng tớ đã giành giải nhất trong cuộc thi.)"
446,telephone,n/v,/ˈtelɪfoʊn/,Điện thoại,"The bank manager is talking to a customer on the telephone. 
(Người quản lý ngân hàng đang trò chuyện với một khách hàng trên điện thoại.)"
447,tent,n,/tent/,Cái lều,"The students put up a large blue tent for the camping trip. 
(Các học sinh đã dựng một chiếc lều lớn màu xanh cho chuyến cắm trại.)"
448,thank,v,/θæŋk/,Cảm ơn,"Don't forget to thank your teacher for the lovely lesson. 
(Đừng quên cảm ơn giáo viên của con vì tiết học tuyệt vời nhé.)"
449,theatre (US theater),n,/ˈθiːətər/,Nhà hát,"They went to the theater to watch an amazing musical play. 
(Họ đã đến nhà hát để xem một vở kịch nhạc kịch đầy kinh ngạc.)"
450,thousand,n/det,/ˈθaʊznd/,"Nghìn, một ngàn","There are more than one thousand books in our school library. 
(Có hơn một ngàn cuốn sách trong thư viện trường chúng tớ.)"
451,through,prep,/θruː/,"Qua, xuyên qua","The train went through the dark tunnel under the mountain. 
(Đoàn tàu đã đi xuyên qua đường hầm tối tăm dưới lòng núi.)"
452,tidy,adj/v,/ˈtaɪdi/,Gọn gàng / Dọn dẹp,"Please keep your study desk tidy and put the books away. 
(Hãy giữ cho bàn học của con gọn gàng và cất sách đi nhé.)"
453,time,n/v,/taɪm/,Thời gian / Giờ,"What time does your online English training class start? 
(Lớp học đào tạo tiếng Anh trực tuyến của con bắt đầu lúc mấy giờ?)"
454,timetable,n,/ˈtaɪmteɪbl/,"Thời khóa biểu, lịch trình","Let's check the school timetable to see our subjects today. 
(Chúng mình hãy kiểm tra thời khóa biểu của trường để xem hôm nay học những môn gì nhé.)"
455,toe,n,/toʊ/,Ngón chân,"He accidentally kicked the stone and hurt his big toe. 
(Cậu ấy vô tình đá phải hòn đá và làm đau ngón chân cái.)"
456,together,adv,/təˈɡeðər/,Cùng nhau,"The children built a wonderful snowman together in the yard. 
(Lũ trẻ đã cùng nhau làm một người tuyết tuyệt vời ở ngoài sân.)"
457,tomorrow,adv/n,/təˈmɔːroʊ/,Ngày mai,"We will visit the giant city museum tomorrow morning. 
(Chúng tớ sẽ đi thăm bảo tàng lớn của thành phố vào sáng mai.)"
458,tonight,adv/n,/təˈnaɪt/,Tối nay,"Mom is going to prepare a delicious pizza for dinner tonight. 
(Tối nay mẹ sẽ chuẩn bị một chiếc bánh pizza thơm ngon cho bữa tối.)"
459,torch (US flashlight),n,/tɔːrtʃ/,Đèn pin,"We used a flashlight to see in the dark cave. 
(Chúng tớ đã dùng đèn pin để nhìn trong hang động tối.)"
460,tortoise,n,/ˈtɔːrtəs/,Con rùa (trên cạn),"The slow tortoise walked gently along the stone path. 
(Chú rùa chậm chạp đi lại nhẹ nhàng dọc theo lối đi bằng đá.)"
461,touch,v/n,/tʌtʃ/,"Chạm vào, sờ","Please do not touch the colorful paintings in the art room. 
(Làm ơn không chạm vào những bức tranh đầy màu sắc trong phòng mỹ thuật.)"
462,tour,n/v,/tʊr/,"Chuyến tham quan, du lịch","The guide took us on a fun tour around Singapore. 
(Người hướng dẫn viên đã đưa chúng tớ đi một chuyến tham quan vui vẻ quanh Singapore.)"
463,traffic,n,/ˈtræfɪk/,Giao thông,"There is a lot of traffic on the motorway during rush hour. 
(Có rất nhiều phương tiện giao thông trên đường cao tốc vào giờ cao điểm.)"
464,trainers,n,/ˈtreɪnərz/,Giày thể thao,"He put on his favorite blue trainers for the running race. 
(Cậu ấy đã xỏ chiếc giày thể thao màu xanh yêu thích của mình cho cuộc đua chạy bộ.)"
465,tune,n,/tuːn/,Giai điệu,"The popular singer sang a song with a very catchy tune. 
(Người ca sĩ được yêu thích đã hát một bài hát với giai điệu rất bắt tai.)"
466,turn,v/n,/tɜːrn/,"Rẽ, xoay / Lượt","Now it's your turn to roll the dice and solve the puzzle. 
(Bây giờ đến lượt con đổ xúc xắc và giải câu đố rồi đấy.)"
467,turn off,v,/tɜːrn ɔːf/,Tắt đi,"Remember to turn off the computer screen before going to bed. 
(Hãy nhớ tắt màn hình máy tính trước khi đi ngủ nhé.)"
468,turn on,v,/tɜːrn ɑːn/,Bật lên,"Could you please turn on the light? The room is too dark. 
(Cậu làm ơn bật đèn lên được không? Căn phòng tối quá.)"
469,twice,adv,/twaɪs/,Hai lần,"I have read this interesting book about dinosaurs twice. 
(Tớ đã đọc cuốn sách thú vị về loài khủng long này hai lần rồi.)"
470,tyre (US tire),n,/ˈtaɪər/,Lốp xe,"The mechanic is helping my dad repair the broken car tyre. 
(Người thợ máy đang giúp bố tớ sửa chiếc lốp xe ô tô bị hỏng.)"
471,umbrella,n,/ʌmˈbrelə/,"Cái ô, cái dù","Take a colorful umbrella with you in case it rains suddenly. 
(Hãy mang theo một chiếc ô rực rỡ bên mình đề phòng trời mưa đột ngột.)"
472,unfriendly,adj,/ʌnˈfrendli/,Không thân thiện,"The guard dog looked a bit unfriendly, so we stayed away. 
(Chú chó canh gác trông có vẻ hơi không thân thiện nên chúng tớ đã tránh xa.)"
473,unhappy,adj,/ʌnˈhæpi/,"Không vui, buồn bã","The little girl felt unhappy because she lost her new bracelet. 
(Cô bé cảm thấy buồn bã vì đã làm mất chiếc vòng tay mới của mình.)"
474,uniform,n/adj,/ˈjuːnɪfɔːrm/,Đồng phục,"The students wear a neat uniform to school every Monday. 
(Các học sinh mặc đồng phục chỉnh tề đến trường vào mỗi Thứ Hai.)"
475,university,n,/ˌjuːnɪˈvɜːrsəti/,Trường đại học,"My cousin is studying science at a famous university. 
(Anh họ tớ đang học ngành khoa học tại một trường đại học nổi tiếng.)"
476,unkind,adj,/ˌʌnˈkaɪnd/,"Không tử tế, xấu tính","It is unkind to whisper secrets and laugh at other people. 
(Thật không tử tế khi thì thầm những bí mật và cười nhạo người khác.)"
477,untidy,adj,/ʌnˈtaɪdi/,Bừa bộn,"Don't leave your plastic scissors on this untidy shelf. 
(Đừng để chiếc kéo nhựa của con trên chiếc kệ bừa bộn này.)"
478,until,prep/conj,/ʌnˈtɪl/,Cho đến khi,"We stayed inside the large blue tent until the storm stopped. 
(Chúng tớ đã ở lại bên trong chiếc lều lớn màu xanh cho đến khi cơn bão dừng lại.)"
479,unusual,adj,/ʌnˈjuːʒuəl/,"Kỳ lạ, khác thường","The photographer took a picture of a very unusual insect. 
(Nhiếp ảnh gia đã chụp được bức ảnh về một loài côn trùng rất kỳ lạ.)"
480,use,v/n,/juːz/,Sử dụng,"You should use soap to wash your hands carefully. 
(Con nên sử dụng xà phòng để rửa tay thật cẩn thận.)"
481,usually,adv,/ˈjuːʒuəli/,"Thường xuyên, thường thì","We usually bring a healthy snack like an apple to school. 
(Chúng tớ thường mang theo một món ăn nhẹ tốt cho sức khỏe như một quả táo đến trường.)"
482,view,n/v,/vjuː/,"Tầm nhìn, phong cảnh","From the top of the skyscraper, the view is amazing. 
(Từ trên đỉnh của tòa nhà chọc trời, phong cảnh thật là kinh ngạc.)"
483,violin,n,/ˌvaɪəˈlɪn/,Đàn vi-o-lông,"She plays a beautiful tune on her silver violin at the concert. 
(Cô ấy chơi một giai điệu tuyệt đẹp trên cây đàn vi-o-lông bạc của mình tại buổi hòa nhạc.)"
484,visit,v/n,/ˈvɪzɪt/,"Thăm, ghé thăm","Let's visit our grandparents during the summer holiday. 
(Chúng mình hãy đến thăm ông bà trong kỳ nghỉ hè nhé.)"
485,volleyball,n,/ˈvɑːlibɔːl/,Môn bóng chuyền,"The school team won the first prize in the volleyball match. 
(Đội của trường đã giành giải nhất trong trận đấu bóng chuyền.)"
486,waiter,n,/ˈweɪtər/,"Bồi bàn, phục vụ nam","The friendly waiter brought us a large cheese pizza. 
(Người phục vụ nam thân thiện đã mang cho chúng tớ một chiếc bánh pizza phô mai lớn.)"
487,warm,adj/v,/wɔːrm/,Ấm áp,"The plane is flying south to a warm and sunny island. 
(Chiếc máy bay đang bay về hướng nam để đến một hòn đảo ấm áp và đầy nắng.)"
488,way,n,/weɪ/,"Đường đi, cách thức","Follow the stone path; it is the best way to the secret garden. 
(Hãy đi theo lối đi bằng đá; đó là đường tốt nhất để đến khu vườn bí mật.)"
489,west,n/adj/adv,/west/,Hướng tây,"The golden sun always sets in the west in the evening. 
(Mặt trời vàng luôn lặn ở hướng tây vào buổi tối.)"
490,wheel,n/v,/wiːl/,Bánh xe,"The heavy cart has four strong plastic wheels to move easily. 
(Chiếc xe đẩy nặng có bốn bánh xe bằng nhựa chắc chắn để di chuyển dễ dàng.)"
491,while,conj/n,/waɪl/,Trong khi,"Tom did his project while his older sister listened to pop music. 
(Tom đã làm dự án của mình trong khi chị gái cậu ấy nghe nhạc pop.)"
492,whisper,v/n,/ˈwɪspər/,Thì thầm,"The students always whisper quietly when they are in the library. 
(Các học sinh luôn thì thầm khẽ khẽ khi họ ở trong thư viện.)"
493,whistle,v/n,/ˈwɪsl/,"Thổi còi, huýt sáo","The referee blew his plastic whistle to stop the football match. 
(Trọng tài đã thổi chiếc còi nhựa của mình để dừng trận đấu bóng đá.)"
494,wife,n,/waɪf/,Người vợ,"The rich king lived happily with his beautiful wife in the castle. 
(Vị vua giàu có đã sống hạnh phúc cùng người vợ xinh đẹp của mình trong lâu đài.)"
495,wifi,n,/ˈwaɪfaɪ/,Mạng wifi,"You can connect your computer to the school wifi for online lessons. 
(Con có thể kết nối máy tính của mình với wifi của trường để học các tiết học trực tuyến.)"
496,wild,adj,/waɪld/,Hoang dã,"The nature programme is about wild animals like zebras and eagles. 
(Chương trình thiên nhiên nói về các loài động vật hoang dã như ngựa vằn và đại bàng.)"
497,will,modal v,/wɪl/,Sẽ,"I am sure our school soccer team will win the prize tomorrow. 
(Tớ chắc chắn rằng đội bóng đá trường chúng tớ sẽ giành giải thưởng vào ngày mai.)"
498,William,n,/ˈwɪljəm/,Uy-li-am,"William likes to explore nature and collect leaves. 
(Uy-li-am thích khám phá thiên nhiên và nhặt lá cây.)"
499,win,v/n,/wɪn/,"Chiến thắng, giành giải","He trained very hard to win the English speaking competition. 
(Cậu ấy đã rèn luyện rất chăm chỉ để chiến thắng cuộc thi hùng biện tiếng Anh.)"
500,wing,n,/wɪŋ/,"Cánh (chim, máy bay)","The white swan opened its giant wings and flew over the stream. 
(Chú thiên nga trắng mở đôi cánh khổng lồ của mình và bay qua dòng suối.)"
501,winner,n,/ˈwɪnər/,Người chiến thắng,"The lucky winner of the speaking contest got a silver medal. 
(Người chiến thắng may mắn của cuộc thi hùng biện đã nhận được một huy chương bạc.)"
502,winter,n,/ˈwɪntər/,Mùa đông,"We can build a happy snowman in the yard during the winter. 
(Chúng mình có thể làm một người tuyết vui vẻ ở ngoài sân suốt mùa đông.)"
503,wish,v/n,/wɪʃ/,"Ước, mong muốn","I wish I could fly a giant spaceship to explore the planet. 
(Tớ ước tớ có thể lái một con tàu vũ trụ khổng lồ để khám phá hành tinh.)"
504,without,prep,/wɪˈðaʊt/,Mà không có,"Don't leave the house without a colorful umbrella on a rainy day. 
(Đừng rời khỏi nhà mà không có một chiếc ô rực rỡ vào một ngày mưa nhé.)"
505,wonderful,adj,/ˈwʌndərf/,Tuyệt vời,"The secret birthday party was a wonderful surprise for Katy. 
(Bữa tiệc sinh nhật bí mật quả là một sự bất ngờ tuyệt vời dành cho Katy.)"
506,wood,n,/wʊd/,Gỗ / Khu rừng nhỏ,"They collected dry wood to make a warm fire at the camp. 
(Họ đã nhặt củi khô để nhóm một ngọn lửa ấm áp tại trại cắm.)"
507,wool,n,/wʊl/,"Len, sợi len","This comfortable striped sweater is made of soft wool. 
(Chiếc áo len kẻ sọc thoải mái này được làm bằng len mềm mại.)"
508,worried,adj,/ˈwɜːrid/,Lo lắng,"She felt a bit worried because she left her backpack somewhere. 
(Cô ấy cảm thấy hơi lo lắng vì cô ấy đã bỏ quên chiếc ba lô của mình ở một nơi nào đó.)"
509,x-ray,n/v,/ˈeks reɪ/,"Tia X, chụp X-quang","The doctor took an x-ray to check the bone in his hurt toe. 
(Bác sĩ đã chụp X-quang để kiểm tra phần xương ở ngón chân bị đau của cậu ấy.)"
510,yet,adv,/jet/,Chưa (dùng trong câu phủ định/nghi vấn),"The students haven't finished their science project yet. 
(Các học sinh vẫn chưa hoàn thành xong dự án khoa học của họ.)"
511,yoghurt,n,/ˈjoʊɡərt/,Sữa chua,"Add some sweet strawberry pieces into your fresh yoghurt. 
(Hãy thêm vài miếng dâu tây ngọt ngào vào món sữa chua tươi của con nhé.)"
512,you’re welcome,phrase,/jʊr ˈwelkəm/,Không có gì (đáp lại lời cảm ơn),"Thank you for the delicious meal! - ""You're welcome!"" 
(Cảm ơn bạn vì bữa ăn ngon miệng nhé! - ""Không có gì đâu!"")"
513,zero,num,/ˈzɪroʊ/,Số không (0),"The number on the football uniform was a big white zero. 
(Số áo trên bộ đồng phục bóng đá là một số không lớn màu trắng.)"
