巨,,,巨人、巨大、巨額、巨匠
丙,,,丙、丙種
丘,,丘,砂丘、丘陵
与,,賞金を与える,賞与、給与、付与
丈,,身の丈,丈夫、頑丈、一丈
乏,之,知識が乏しい,欠乏、貧乏
及,,影響を及ぼす,及第点、追及、普及、波及
丼,井,,牛丼、丼勘定
丹,,,丹念、丹精
串,,串刺し、串団子,
井,,井戸,天井、油井
互,,互い違い、お互い,相互、互角、交互
乾,乞、乙,服が乾く,乾燥、乾電池
乞,乙,乞うご期待,
乙,,,甲乙
仙,,,仙人、仙境、歌仙
介,,,紹介、介入、仲介、介抱、介助、魚介
亭,,,亭主、料亭
享,,,享受、享年
亜,,,亜細亜、亜鉛
佐,左,,大佐、補佐
伏,犬,床に伏せる,伏兵、潜伏、降伏
伐,,,伐採、乱伐、討伐、征伐
仰,卬,仰ぎ見る,仰天、信仰
企,止,計画を企てる,企画、企業
伴,半,彼に伴う,同伴、伴奏
伯,白,,画伯、伯爵
但,旦,但し,
伸,申,背が伸びる,屈伸
伺,司,会社に伺う,伺候
併,并,二つの会社を併せる,合併、併設、併用
侮,毎,彼に侮る,侮辱、侮蔑
侍,寺,侍所,侍女
佳,圭,,佳境、佳作
依,衣,,依存、依頼、帰依
俗,谷,,俗習、俗世間、俗悪
促,足,発育を促す、注意を促す,催促、促進
侵,,領地を侵す,侵略、侵入
俊,夋,,俊敏、俊才
侯,,,侯爵、諸侯
倣,放、方,顰みに倣う,模倣
俸,奉,,年俸、減俸
倒,到,棒が倒れる,倒壊、転倒
倹,㑒,,倹約
俺,,俺たち,
偏,扁,偏った考え,偏見、偏向、偏差値、人偏
偵,貞,,偵察、探偵
偶,禺,,偶然、偶発、偶数、土偶
偽,為,偽物、身分を偽る,偽造、偽名
倫,侖,,倫理、映倫
傾,頃,日が傾く,傾斜、傾向、傾倒
僅,堇,残り僅か,僅差、僅少
傍,方,傍らに寄り添う,傍観、傍聴
傘,,日傘,傘下、落下傘
偉,韋,彼は偉い,偉大、偉業
僧,曽,,僧侶、小僧
債,責,,債務、債権、国債
催,崔、隹,祭りを催す,開催、主催、催促、催眠術
傲,,,傲慢、傲岸
傑,,,傑作、傑出、怪傑
儒,需,,儒教、儒学
舗,舎、甫,,舗装、鋪道、店舗
儀,義,,行儀、礼儀、儀式、地球儀、難儀
僚,尞,,同僚、官僚
僕,,,下僕、公僕
冠,,草冠,王冠、冠水
冗,,,冗談、冗漫
免,,危険を免れる,免許、免除
克,,,克服、克明
充,,費用に充てる,充電、補充、充実
凍,東,水が凍る、寒さで凍える,凍結、冷凍
凄,妻,,凄惨
准,隹,,准教授、批准
冶,台,,冶金、陶冶
冥,,,冥王星、冥界、冥土、冥利
凸,,,凹凸、凸多角形
凹,,,凹凸、凹版
凶,,,大凶、凶悪、凶暴、凶作
凡,,,平凡、凡人、凡例
凝,,目を凝らして見る,凝固、凝結、凝視
刺,,針を刺す,刺繍、刺激、名刺、風刺
刹,,,古刹
刑,,,刑事、刑罰、処刑
刈,,草刈り、刈り上げ,
刃,,刃物、出刃包丁,鋭刃
剤,,,洗剤、薬剤、錠剤
剛,岡,,剛腕、質実剛健
剣,㑒,勇者の剣,剣道、剣士
削,肖,予算を削る,削除、削減
到,,,到着、到来、殺到、用意周到
励,,勉強に励む,励行、激励、奨励
劣,,技能が劣る,劣勢、優劣、下劣
剰,乗,,過剰、余剰
剖,咅,,解剖、剖検
剥,录,皮を剥ぐ,剥製、剥奪
募,莫,,募集、応募、募金
勘,甚,,勘当、勘弁、勘案
勃,孛,,勃興、勃発
勅,束,,勅語、勅命
劾,刻,,弾劾
旨,,その旨を伝える,趣旨、要旨
匂,,,足が匂う、匂い紙
勾,,,勾配、勾留
勲,動,,勲章、勲功
勧,隹,映画を勧める,勧誘、勧告
卑,,卑しい人,卑怯、卑劣
卓,,,卓越、卓上、卓球
升,,升に酒をくむ,一升瓶
匠,斤,,巨匠、師匠、意匠
匹,,一匹の犬,匹敵
厄,,,厄年、災厄、厄介
卸,,商品を卸す、卸売り,
即,,,即位、即時、即死
却,,,退却、却下、返却、焼却
占,,未来を占う、過半数を占める,占星術、占領、占拠
叙,余,,叙述、叙事、叙勲
叔,尗,叔父、叔母,伯叔
双,,双子,双眼鏡、双方、無双
又,,又は〜、又聞き,
厘,,,一厘
吐,,息を吐く,吐血、吐息
叫,,海に向かって叫ぶ,絶叫
吉,,,大吉、吉日、不吉
召,,召し上がり,召喚、召集
叱,,子供を叱る,叱責
吹,,吹聴、吹雪,吹奏楽
呉,,,呉服、呉越同舟
吟,今,,吟詠、詩吟
含,今,成分を含む,含有、包含
吏,,,吏員、吏卒
咽,困,,咽喉
哀,,彼を哀れむ,哀愁、哀願
呪,兄,彼を呪う,呪文、呪縛
呂,,,呂律、語呂
呈,,,進呈、露呈
哲,,,哲人、哲学
唇,辰,赤い唇,口唇
唆,夋,悪事を唆す,示唆、教唆
唄,貝,,子守唄
咲,,花が咲く、遅咲き,
唾,垂,唾を吐く,唾液
啓,,,啓示、啓発
喝,曷,,一喝、恐喝、喝采
哺,甫,,反哺、哺乳類
唐,,唐草、唐揚げ,遣唐使、唐辛子
喪,,喪主、喪中,喪失
喉,侯,喉が渇く,喉頭、咽喉
喫,契,,喫茶、満喫
喚,,,喚声、叫喚、換気、召喚
唯,隹,,唯一
嘱,属,,嘱託、委嘱、嘱望
嘆,,不幸を嘆く,嘆願、驚嘆、感嘆
嗣,司,,嗣子、継嗣
嗅,臭,臭いを嗅ぐ,嗅覚
喩,俞,,比喩、隠喩
圏,巻,,圏外、首都圏
囚,,,囚人、幽囚
嚇,赫、赤,,嚇怒、威嚇
噴,賁,水を噴き出し,噴火、噴水、噴射
嘲,朝,嘲り笑う,嘲笑、自嘲
埼,奇,,埼玉県
埋,里,土に埋める、埋もれ木,埋葬、埋蔵
坪,平,一坪、建坪,
坊,方,,宿坊、坊主、坊ちゃん、朝寝坊
坑,亢,,坑道、炭坑
堪,甚,聞くに堪えない,堪忍、堪能
堀,屈,内堀、掘り出す,
培,咅,体力を培う,培養、栽培
堆,隹,,堆積、堆肥
執,幸、丸,指揮を執る,執行、執筆、執着、固執
塔,荅,,鉄塔、管制塔
堤,是,川堤,堤防、防波堤
塚,豕,塚穴、貝塚,
堕,,,
堅,臤,堅気、堅物,堅牢、堅実
塑,朔,,塑像、可塑性
塞,,耳を塞ぐ,要塞、閉塞感
塊,鬼,土の塊,金塊
塁,,,塁壁、満塁
塀,并,,板塀、ブロック塀
墜,隊,,墜落、撃墜、失墜
墨,黒、土,墨絵,墨汁、水墨画
塾,孰、享、丸,,学習塾、塾学
塗,余,ペンキを塗る,塗装、塗布
塡,,,充塡、補塡
壇,,,壇上、教壇、仏壇、文壇、土壇場
壌,㐮,,土壌
墾,,,墾田、開墾
壊,懐,物が壊れる,壊滅、破壊
墳,賁,,古墳、墳墓
奈,,,奈落、奈良県
奇,,,奇妙、奇行、奇才
壱,,,壱万円
壮,,,勇壮、壮大、壮観
壁,辟,壁紙,壁画、岸壁
奨,将,,奨学金、奨励
奥,,奥地、奥歯,奥義
契,,契りを交わす,契約、契機
奔,,,奔走、奔流、自由奔放
奉,,奉行,奉仕、奉納
妄,亡、女,,妄想、妄言、妄断
妃,,,王妃、皇太子妃
如,,,欠如、突如、如実、如意棒
奴,,,奴隷、農奴、守銭奴
奪,,金品を奪う,奪還、強奪
妖,夭,妖しい挙動,妖怪、妖精、妖艶
妙,,,巧妙、妙案、奇妙、妙齢
妨,方,成長を妨げる,妨害
妊,,,妊娠、懐妊
妥,,,妥当、妥協
娯,呉,,娯楽
姻,因,,婚姻、姻戚
威,,,威圧、威嚇、威厳、威力
妬,,美人を妬む,嫉妬
姓,生,,姓名、同姓同名、百姓
婆,波,,
婚,昏,,婚約、結婚
娘,良,村娘、愛娘,
姫,,,姫君、歌姫、姫鏡台
娠,辰,,妊娠
嫌,兼,嫌がる、嫌いな食べ物,嫌悪、機嫌
嫁,家,娘が嫁ぐ、花嫁,転嫁
媒,某,,媒酌、媒介、媒体
婿,胥,婿養子、花婿,女婿
媛,,,媛
孤,瓜,,孤児、孤独、孤立
孔,,,鼻孔、気孔
嬢,㐮,,令嬢、受付嬢
嫡,啇,,嫡出、嫡子
嫉,疾,,嫉妬、嫉視
宵,肖,宵闇、今宵,春宵
宰,辛,,主宰、宰領
宴,,,宴会、宴席
宜,且,,便宜、適宜
宛,,宛名、宛先,
寧,,,寧日、安寧、丁寧
寡,,,寡黙、多寡
寝,侵,早寝、子供を寝かす,寝具、寝室
寛,,,寛大、寛容
寂,叔、尗,寂寞、寂しい夜、寂れた町,静寂
尉,,,大尉、尉官
封,圭,封建,封鎖、密封
寿,,寿退社,長寿、寿命
寮,尞,,学生寮、寮母、図書寮
審,番,,審議、審査、控訴審、球審
尿,,,尿意、尿道
尽,,愛想を尽かす、力を尽くす,尽力、一網打尽
尼,,尼寺,尼僧
尻,,,尻拭い、目尻
尋,,道を尋ねる,尋問、尋常
岐,,,岐路、分岐、多岐
屯,,,屯田兵、駐屯
履,復,靴を履く,履歴、履修
屈,,,屈折、屈伸、屈服
尾,毛,犬の尾,尾翼、尾行、首尾
峠,,,
峡,夹,,海峡、峡谷
岬,甲,宗谷岬,
岳,丘、山,御岳,山岳
岡,,岡山県、福岡県、静岡県,
崩,朋,形が崩れる,崩壊、崩落
崇,宗、示,,崇高、崇拝
崎,奇,長崎県、宮崎県,
崖,圭,崖下,断崖絶壁
峰,丰,峰打ち,高峰、霊峰
帥,𠂤、巾,,総帥、元帥
帆,巾、凡,帆を張る,帆船
巾,,,雑巾、布巾、頭巾
巧,工、丂,巧みな技,巧妙、精巧、技巧
嵐,風,山嵐,
幻,,幻の食材,幻影、幻覚
幣,敝,,幣物、紙幣、造幣局
帽,冒,,帽子、脱帽
幅,畐,横幅,幅員、振幅
帝,,,帝王、皇帝
庸,,,凡庸、登庸
庶,,,庶務、庶民
床,,床下、床の間,起床、病床
幾,,幾重、幾度,幾何学
幽,,,幽玄、幽閉、幽霊
弄,,ペンを弄ぶ,愚弄、翻弄
廷,,,法廷、宮廷
廉,兼,,廉価、清廉
廊,郎,,廊下、回廊、画廊
廃,,流行が廃れる,廃棄、廃止
弥,,,弥生時代
弦,玄,弓の弦,弦楽器、上弦
弔,,死者を弔う,弔辞、弔問
弍,,,弍万円
弊,弊,,疲弊、弊害、弊社
彩,采,食卓を彩る,色彩、迷彩、異彩
彙,果,,語彙
粛,,,静粛、自粛、粛清
弾,単,,弾丸
弧,瓜,,括弧、弧状、円弧
彼,皮,彼氏、彼女,彼岸
征,正,,征服、征伐、遠征
影,景,影絵、人影,陰影、影響
彰,章,,表彰
彫,周,彫る,彫刻、彫像
徹,育、攵,,徹底、徹夜、冷徹
微,,,微量、微妙、微生物
循,盾,,循環
御,卸,御社,制御、御前、御足労
徐,余,,徐行
苛,可,,
芳,方,芳しい香り,芳醇、芳香
芯,心,,鉛筆の芯
芝,之,,芝生、芝居
芋,于,芋羊羹、焼き芋,
荒,巟,荒療治、海が荒れる,荒廃、荒野
茨,次,茨城県,
茂,,雑草が茂る,茂生
苗,田,苗代、苗木,種苗
茎,圣,歯茎,球茎、花茎
菊,米,,
菓,果,,菓子、製菓
萎,委,花が萎える,萎縮
華,,華やか,万華鏡、華氏、華族
荘,壮,,荘厳、別荘、山荘
蓄,畜,財産を蓄える,蓄積、貯蓄
蓋,去、皿,火蓋を切る,頭蓋骨
葬,死、廾,死者を葬る,葬式、埋葬
葛,曷,葛粉、葛切り,葛藤
菌,禾,,菌糸、雑菌、細菌
薦,廌,読書を薦める,推薦
薪,新,薪をくべる,薪炭
薫,重,文化の薫り,薫香、薫製
蔽,敝,,隠蔽、遮蔽
蔑,戍,蔑んだ視線,蔑視、軽蔑
藻,喿,藻屑,海藻
藍,監,藍染,出藍
藩,番,,藩士、藩主
藤,滕,藤色,葛藤
薄,,薄着、味が薄い,薄情
迭,失,,更迭
迎,卬,新年を迎える,迎春、歓迎
迅,卂,,迅速、奮迅
巡,,町を巡る,巡回、巡査
込,入,人が込み合う、心をこめる,
逓,乕,,逓信、逓減
逐,豕,,逐一、駆逐
逝,折,あの世へ逝く,逝去、急逝
逃,兆,敵から逃げる、敵を見逃す,逃亡、逃避
迫,白,目前に迫る,迫力、圧迫、迫害
遇,禺,,遭遇、待遇、境遇
逮,隶,,逮捕
逸,免,,逸脱、逸材、逸話
透,秀,紙を透かす、透けて目える,透明、透過
途,余,,途中、発展途上
遣,,金遣い、人を遣わす,遣唐使、派遣
違,韋,間違える、話が食い違う,違法、相違
遍,扁,,遍歴、普遍、一遍
遅,,待ち合うわせに遅れる、足が遅い,遅刻
遂,㒸,,
遵,尊,,遵守、遵法
遭,曹,被害に遭う,遭難、遭遇
遮,庶,視界を遮る,遮断
遜,孫,,遜色、謙遜
遡,朔,時を遡る,遡行、遡及
邦,,,邦楽、邦画、連邦
那,,,那覇市、刹那
避,辟,,避難、回避、避暑地
還,睘,,還元、返還、還暦
遷,,,左遷、遷都
郭,享,,外郭
郎,良,,新郎、下郎
郊,交,,郊外、近郊
邸,氐,,邸宅、豪邸
邪,牙,,邪魔、邪悪、邪心
陣,車,,陣地、陣営、出陣
陥,,罠に陥る、人を陥れる,陥没
附,付,,附属、添附、寄附
阻,且,行く手を阻む,阻止、阻害
阜,,,岐阜県
隆,,,隆起、隆盛
陪,咅,,陪審員、陪席
陶,匋、缶,,陶器、
陳,東,,陳列、陳述、陳腐
陰,侌、今、云,木陰、日が陰る,陰影、陰謀
隙,,隙間、隙がない,間隙
隔,鬲,隔たりがない,隔離、遠隔、間隔
随,迶,,随行、付随、随時
隅,禺,四隅、片隅,一隅
陵,夌,,陵墓、丘陵
忌,,,忌避、忌中、一周忌
尚,,,尚早、高尚、尚古
兼,,大は小を兼ねる,兼任、兼業
隣,粦、舛,隣の席、隣り合う,隣人、近隣、隣接
隠,,宝を隠す、隠れ家,隠居、隠蔽
怠,台、心,練習を怠る、家で怠ける,怠慢、怠惰
怪,圣,怪しい人物、人に怪しまれる,怪奇、怪物
怨,夗,,怨恨、怨念
忙,亡,仕事が忙しい,忙殺、多忙
忍,刃,足を忍ばせる、耐え忍ぶ,忍耐、残忍、忍者
恐,巩,死を恐れる、地震は恐ろしい,恐慌、恐怖
恭,共,恭しく礼をする,恭賀、恭順
悔,毎,後で悔やむ、負けて悔しい、過ちを悔いる,後悔
怖,布,怖い鬼,恐怖、畏怖
怒,奴,怒り狂う、きつく怒られる,怒気、憤怒
恥,,行いを恥じる、恥をかく,恥辱
恣,次,,恣意
恨,,恨みをはらす,遺恨、怨恨、痛恨
恒,亘、旦,,恒星、恒例、恒久
恵,,お金を恵む,智恵、恩恵
悩,,頭を悩ます,苦悩、煩悩
悟,吾,意味を悟る,覚悟
患,串,病気を患う,患者、疾患
悦,兑,,悦楽、満悦
恋,亦,恋におちる、人を恋う,恋愛
惑,或,戸惑う,惑星、疑惑、誘惑
悼,卓,死を悼む,悼辞、追悼
惜,昔,負け惜しみ、別れが惜しい,惜敗
惨,参,惨めな思い,惨劇、惨敗
惧,具,,危惧、憂惧
惰,左、月,,惰性、惰眠、怠惰
愁,秋,愁いを帯びる、未来を愁える,哀愁、憂愁
慈,兹,花を慈しむ,慈善、慈悲
慌,荒,慌てて出かける,恐慌
愚,禺,愚かな考え,愚息、愚弄、愚痴
慄,栗,,戦慄、慄然
慕,莫,彼を慕う,慕情、恋慕
慎,真,言葉を慎む,謹慎、慎重
慨,既,,感慨、憤慨
愉,俞,,愉快、愉悦
憂,,行く先を憂う、物憂い,憂鬱、憂慮
慢,曼,,慢心、自慢、怠慢、緩慢
憎,曽,悪を憎む、話し方が憎らしい,憎悪
慶,,,慶賀、慶弔
慰,尉,心が慰む、友人を慰める,慰安、慰謝料
憤,賁,激しく憤る,憤慨、憤怒
憧,童,憧れの人,憧憬
憬,景,,憧憬
憩,舌,憩いの場,休憩
慮,虍、思,,遠慮、配慮、考慮
懲,徵,悪人を懲らしめる、懲りずに行う,懲役、懲罰
懇,,懇ろなもてなし,懇意、懇談
憾,感,,遺憾
懐,壊,昔が懐かしい、犬が懐く、,懐古
憶,意,,記憶、追憶、憶測
戴,𢦏,,頂戴、推戴
戯,虚,猫と戯れる,戯画、戯曲
戚,尗,,親戚
戒,,自身を戒める,戒告、警戒
懸,県、糸,命を懸ける,懸垂、懸念
払,,お金を払う,払拭
扉,戸、非,扉をたたく,開扉
扇,羽,扇形,扇子、扇状地
房,方,ぶどうのふさ,厨房、暖房
戻,,元に戻す,返戻
把,巴,,把握、銃把、一把、大雑把
択,尺,,選択、採択
抄,少,,抄本、抄紙
抗,亢,,抗議、抵抗、反抗
扱,及,取り扱う,
拐,另,,拐帯、誘拐
押,甲,蓋を押さえる、背中を押す,押印、押収
抑,卬,怒りを抑える,抑圧、抑制
扶,夫,,扶養、扶助
抜,,腰を抜かす、抜かってしまう、空気を抜く,抜刀、抜擢
拓,石,,魚拓、開拓
拙,出,手際が拙い,稚拙、拙者
拘,句,,拘束、拘留
拠,処,,拠点、根拠、証拠
拒,巨,要求を拒む,拒絶、拒否
抱,包,疑問を抱く、不安を抱える、赤ちゃんを抱く,抱擁、抱負
披,皮,,披露、披見
拍,白,,拍手、拍車、四拍子
抵,氐,,抵抗、抵触、大抵
抽,由,,抽出、抽選、抽象
拳,龹、手,握り拳,拳法
挟,夹,手を挟む、隙間に挟まる,挟撃
括,舌,,括弧、一括、総括
拉,立,,拉致
抹,末,,抹茶、抹殺、抹消
挨,矣,,挨拶
挑,兆,敵に挑む,挑戦、挑発
拭,式,汗を拭う、机を拭く,払拭
拶,,,挨拶
拷,考,,拷問
捉,足,心を捉える,捕捉
挿,,挿し絵,挿入、挿話
捜,,証拠を捜す,捜査、捜索
振,辰,棒を振る、腕を振るう、針が振れる,振動、不振
挫,坐,,挫折、頓挫
掲,日匂曷,旗を掲げる,掲載、掲示板
掘,屈,穴を掘る,掘削、発掘
掛,卦、圭,掛け算、迷惑が掛かる、出納掛,
捕,甫,鬼に捕まる、犯人を捕える、魚を捕る,捕捉
捗,歩,,進捗
掃,帚,箒で掃く,掃除、清掃、掃討
措,昔,,措置、挙措
据,居,灸を据える、目が据える,
掌,,,掌握、合掌、車掌
控,空,後に控える,控除、控訴
援,爰,,援護、援軍
握,屋,手を握る,握手、掌握
描,苗,風景を描く、絵を描く,描写
排,非,,排気、排除、排水
捻,念,,捻挫、捻出
携,隽、隹、乃,お供を携える、開発に携わる,携帯、連携
揺,,体を揺する、木を揺すぶる、心が揺れる、大地が揺るぐ,動揺
揚,昜,コロッケが揚がる、凧を揚げる,揚力、高揚
搭,荅,,搭載、搭乗
換,奐,切り換わる、取り換える,換気、換金
摯,執、幸、丸,,真摯
撃,軗,大砲を撃つ,攻撃、爆撃、目撃
搬,般,,搬入、運搬
摂,,,摂取、摂政
搾,窄,乳搾り,搾取
僕,菐,,撲殺、打撲
撤,育攵,,撤回、撤去、撤収
撮,最,写真を撮る,撮影
摩,麻,,摩擦、摩天楼
摘,啇,花を摘む,摘出、指摘
敏,毎,,敏感、俊敏
攻,工,すばやく攻める,攻撃、先攻
擦,祭,表面が擦れる、擦り傷,摩擦
擬,疑,,擬音、擬態
擁,雍、隹、乡,,擁護、擁立、抱擁
斜,余、斗,斜めに滑る,斜面、傾斜
斗,,,北斗七星、一斗缶
斑,王、文,,斑点
敷,甫、方,敷居、河川敷、絨毯を敷く,敷設
敢,,,敢行、勇敢
旋,疋,,旋回、旋盤、凱旋
施,也,加工を施す,施設、施工
斬,車、斤,刀で斬る,斬撃、斬新
斥,,,斥候、排斥
斤,,,一斤、斤量
昇,日、升,日が昇る,昇進、上昇
昆,,,昆虫、昆布
旺,日、王,,旺盛、旺然
旬,,,上旬、下旬、旬の食材
旦,,,元旦、一旦、旦那
普,並,,普通、普段、普遍
晶,,,結晶、水晶
暁,尭,暁の空,暁光、暁天
昧,未,,曖昧、蒙昧
是,,,是正、是非
曖,愛,,曖昧
曇,雲,曇った空,曇天
暫,斬、車、斤,,暫時、暫定
暦,厂林,日本の暦,西暦、太陽暦
暇,叚,暇つぶし,休暇、余暇
朕,,,朕とは。。。
替,,入れ替わる、小銭に替える,代替
曽,,,曽祖父、未曽有
曹,,,法曹、軍曹
更,,夜が更ける、更に増えた,更生、変更
析,斤,,分析、解析
杉,,杉の木材,
朴,,,朴訥、素朴
朱,,,朱肉、朱筆
朽,丂,朽ちた家,老朽
柿,市,柿の木,
架,加,橋を架ける,架橋、高架、書架、十字架
枠,卆,窓枠、枠線,
枕,冘,枕詞、枕元,
杯,不,杯を重ねる,乾杯、祝杯
柄,丙,絵柄、人柄、のこぎりの絵,横柄
栃,,栃木県,
柔,矛,体が柔らかい、柔和,柔道、柔順
柵,冊,柵でかこう,
枯,古,木枯らし、枯れ葉,枯渇
栽,𢦏,,栽培、盆栽
桁,行,桁数、軒桁,
核,亥,,核心、中核、細胞核、結核、核爆発
柳,卯 (khac 卬),柳の木,柳眉、川柳
某,,,某国、某氏
梗,更,,梗概、心筋梗塞
桃,兆,桃太郎,桃源郷、白桃
桑,叒,桑畑,桑園
栓,全,,栓抜き、消火栓
桟,,,桟道、桟橋
棚,朋,戸棚、本棚,
棋,其,,棋士、棋譜
棺,官,,棺おけ、出棺
椅,奇,,椅子
梨,利,梨の果実,
楼,娄,,楼閣、摩天楼
棄,,,棄却、棄権、放棄
楷,皆,,楷書
棟,東,棟木、別棟,病棟
椎,隹,,胸椎、脊椎
款,,,定款、約款、借款
欧,区,,欧米、欧州、西欧
欄,闌、柬,,欄外、空欄、欄干
槽,曹,,水槽、浴槽
概,既,,概念、概要、概略
殉,旬,,殉死、殉職
殊,朱,殊の外,殊勝、特殊
歳,,,歳暮、歳末、歳月
歓,隹、欠,,歓迎、歓声
欺,其、欠,敵を欺く,欺瞞、詐欺
殿,,殿様、殿方、湯殿,貴殿、宮殿、御殿
毀,,,毀損、毀誉
殻,壳,貝殻,甲殻類、地殻
殴,,殴り飛ばす,殴打
殖,直,財産を殖やす、菌が殖える,増殖、繁殖
江,工,入り江,江湖
汗,干,汗をかく,汗腺、発汗
汚,,汚い部屋、名誉を汚す,汚染
氾,,,氾濫
汁,,味噌汁,果汁
沖,中,沖合い,沖天
沢,尺,沢辺,沢山、潤沢、光沢、贅沢
汰,太,,沙汰、淘汰
沙,少,,沙汰
汎,凡,,汎用、汎称
沼,召,沼地、泥沼,沼沢、湖沼
況,兄,,実況、状況、不況
沃,夭,,沃土、肥沃
没,殳,,没頭、沈没、没後、没落、没収
沈,冘,船が沈む,沈没、沈殿、消沈
洪,共,,洪水
泡,包,泡のように消える,気泡、発泡
沸,弗,湯が沸く、風呂を沸かす,沸騰、煮沸
泌,必,,泌尿器、分泌
泊,白,船を泊める、旅館に泊まる,宿泊、停泊、淡泊
浸,,水に浸す,浸水、浸透
浦,甫,津々浦々,
洞,同,洞穴,洞窟、鍾乳洞、洞察
津,聿,津波,興味津々
浄,争,,浄化、洗浄
淫,㸒,淫な行い,淫逸
浪,良,,浪人、浪費、放浪
涙,戻,涙を流す,涙腺、感涙
浮,孚,雲が浮かぶ、水に浮く、勝利に浮かれる,浮上、浮力
浜,兵,浜辺、砂浜,海浜
淑,叔、尗,,淑女、貞淑
渋,,行動を渋る、渋柿、味が渋い,苦渋、渋滞
渓,,,渓谷、渓流
渇,日匂曷,喉が渇く,渇望、枯渇
涯,圭,,天涯、生涯
渦,咼,渦潮,渦中
涼,京,木陰で涼む、涼しい風,納涼
添,忝,寄り添う、手紙を添える,添付、添削
淡,炎、火,淡い色,淡泊、濃淡、冷淡
渉,歩,,干渉、交渉
湾,弯,,湾口、湾曲
湧,勇,泉が湧く,湧出
渡,度,手渡す、橋を渡る,渡航、渡来
湿,显,ガーゼを湿す、紙が湿る,湿原、加湿
滋,兹,,滋養、滋味
溺,弱,海で溺れる,溺愛、溺死
滝,竜,滝壺,
滞,帯,支払いが滞る,滞在、滞納、渋滞
溝,冓,深い溝,海溝、側溝
滑,骨,水で滑る、滑らかな曲面,滑降、滑稽
漸,斬、車、斤,,漸増、漸次
漆,桼,漆塗り,漆器、漆黒
溶,容、谷,水が溶ける、粉を溶かす、水で溶く,溶液、溶岩
滅,戌、火,敵を滅ぼす、種が滅びる,滅亡、絶滅、点滅
漠,莫,,砂漠、広漠、漠然
漏,尸、雨,雨漏り、オイルが漏れる、情報を漏らす,漏電、漏水
漫,曼,,漫然、散漫、漫画、漫談
漂,票,雲が漂う,漂白、漂流、漂着
滴,啇,水が滴る、滴が垂れる,水滴、点滴
漬,責,大根がよく漬かる、野菜を漬ける,
澄,登,耳を澄ます、澄んだ泉,清澄
潜,替,海に潜る、影に潜む,潜水、潜伏
潤,閏,目が潤む、体が潤う、喉を潤す,潤沢
潟,,干潟、新潟県,
潰,貴,箱が潰れる、空き缶を潰す,潰瘍
瀬,,浅瀬、瀬戸際、逢瀬,
濫,監,,濫用、氾濫
濯,翟、隹,,洗濯
濃,農,味が濃い,濃厚、濃縮
濁,蜀,お茶を濁す、濁った水,濁流、濁点
烈,列,,強烈、烈風、熱烈
為,,,行為、人為
炉,戸,,暖炉、囲炉裏、炉端
炊,欠,米を炊く,炊事、炊飯
炎,,炎,火炎、炎上、炎症
煩,頁,,
煎,前,豆を煎る,煎餅、焙煎
煙,亜,タバコが煙い、辺りが煙る、白い煙,煙突、禁煙
焦,隹,恋い焦がれる、寝坊をして焦る、魚が焦げる、肉を焦がす,焦燥感、焦点
煮,者,野菜を煮る、具材が煮える、業を煮やす,煮沸
采,,,采配、喝采
爪,,爪を切る、爪楊枝,
爆,暴,,爆弾、爆発、爆笑
燥,喿、品,,乾燥、焦燥
熊,能,,大きな熊
犠,義,,犠牲
牲,生,,犠牲
牙,,犬の牙,象牙、歯牙
爽,,爽やかな風,爽快、颯爽
爵,,,爵位、男爵
猫,苗,猫に小判,愛猫
狩,守,ぶどう狩り、獲物を狩る,狩猟
狭,夹,道が狭い、範囲を狭める、距離が狭まる,狭義、狭窄
狙,且,急所を狙う,狙撃
狂,王,手元が狂う、物狂おしい,狂気、狂言
猿,袁,猿知恵,猿人
猶,酉,,猶予
献,南、犬,,献血、献上、献立
猟,,,猟犬、猟銃
猛,皿、子、犬,,猛威、猛獣、猛毒
玩,元,,玩具、愛玩
玄,,,玄米、玄関、幽玄
獲,蒦,獲物,捕獲、獲得
獣,not 曽,獣道,獣医、鳥獣
獄,,,地獄、投獄、獄中
璃,离,,瑠璃
瑠,留,,瑠璃
琴,今,琴を習う,琴線、木琴
珠,朱,,珠玉、真珠
珍,,,珍品、珍味、珍客
瓶,并、瓦,,ビール瓶
瓦,,瓦版,瓦礫
璽,,,御璽
璧,辟,,完璧、双璧
環,睘,,環境、循環、環状
畝,not 宙,畝を作る,
畏,,畏れ多い,畏怖、畏敬
甲,,,甲羅、甲虫、甲板
甚,,非常識も甚だしい、甚だ恥ずかしい,甚大、深甚
甘,,甘酒、好意に甘える、子を甘やかす,甘味
疎,束,皆から疎まれる、地理に疎い,疎遠、疎開
畿,,,畿内、近畿
畳,且,石畳、布団を畳む,六畳間
畔,田、半,,湖畔、畦畔
畜,田、玄,,畜産、牧畜、家畜
痕,艮,手術の痕,痕跡、血痕
疲,皮,体が疲れる,疲労、疲弊
症,正,,症状、炎症
疾,矢,,疾患、疾走、疾風
疫,殳,,疫病、免疫、疫病神
瘍,昜,,潰瘍、腫瘍
痴,知,,痴漢、愚痴
痢,利,,下痢、赤痢
痘,豆,,痘苗、天然痘
痩,,痩せた土地,痩身
盆,分、皿,,盆栽、盆地
皆,比、白,皆が集まる,皆勤、皆無
癒,俞,心を癒す、傷が癒える,癒着、治癒
癖,辟,口癖,潔癖、悪癖
療,,,療養、医療、治療
盾,,盾で守る,矛盾
盲,,,盲目、盲信、盲腸
盤,般,,円盤、碁盤、岩盤
監,臥,,監督、監視、監獄
盗,次,宝石を盗む,盗難、盗品
睡,垂,,睡眠、睡魔、熟睡
眺,兆,空を眺める,眺望
眠,民,すごく眠い、ぐっすりと眠る,睡眠
冒,,危険を冒す,冒険、冒頭
眉,,眉を寄せる,眉目秀麗、眉間
瞬,舜,瞬く間,瞬間、瞬時
瞭,尞,,明瞭、一目瞭然
瞳,童,潤んだ瞳,瞳孔
睦,坴,,親睦、和睦
督,叔,,監督、督促状
硬,更,硬い物体,硬化、硬度、硬水
砲,包,,砲弾、大砲
砕,卆,岩を砕く、石が砕ける,砕石、粉砕
矯,喬、矢,枝を矯める,矯正
矛,,矛先,矛盾
磨,麻,石を磨く,研磨、切磋琢磨
碑,卑,,石碑、記念碑
碁,其,,囲碁、碁盤
硫,㐬,,硫酸、硫化水素
硝,肖,,硝煙、硝酸、硝石
祥,羊,,不祥事、発祥
祉,止,,福祉
祈,斤,無事を祈る,祈祷、祈願
礎,楚,成功の礎となる,基礎、定礎
礁,焦,,岩礁、暗礁、座礁
租,且、禾,,租借、租税
称,尔,,称号、名称、自称
秀,,秀でる,秀逸、秀才
禅,,,禅宗、坐禅
禍,咼,,禍根、惨禍
稽,尤、旨,,稽古、滑稽
稼,家,金銭を稼ぐ,稼業、稼働
稲,,稲作、稲穂、稲妻、稲刈り,水稲
稚,隹,,稚魚、稚拙
秩,失,,秩序、秩然
突,穴,,突然、煙突、衝突
穫,蒦,,収穫
穏,not 急,穏やかな空,穏健、穏便
穂,恵,穂先、稲穂,穂状、花穂
稿,高,,原稿、投稿
窯,羊、穴、羔,窯元,窯業
窮,躬、身、弓,道を窮める、進退窮まる,窮地、窮屈
窟,屈,,洞窟、巣窟
窒,至,,窒息、窒素
窃,切,,窃盗、窃取
羅,維,,羅列、網羅、羅針盤
罷,能,,罷業、罷免
罵,馬,人を罵る,罵倒、罵声
罰,,罰があたる,罰金、罰則
端,,端々、端数、炉端,先端、発端
箋,,,付箋、便箋
箇,固,,箇所、箇条
筒,同,竹の筒,水筒、封筒
符,付,,切符、音符、符号
既,,既に終了した,既存、既知
籍,耤,,書籍、戸籍、入籍
簿,尃,,簿記、家計簿、名簿
篤,馬,,篤学、篤志、危篤、重篤
範,,,範囲、範例、模範
箸,者,割り箸,
粒,立,米粒,粒子、顆粒
粘,占,粘り勝ち,粘液、粘土
粗,且,網目が粗い,粗悪、粗品
粋,卆,粋な計らい,純粋、抜粋
籠,龍,山に籠る、鳥籠,籠城、籠絡
紛,分,気が紛れる、紛らわしい言い方,紛糾、紛争
索,糸,,索引、索敵、検索
糾,丩,,糾弾、糾明
糧,量,成長の糧,食糧、兵糧
粧,庄,,化粧
紳,申,,紳士
紹,召,,紹介
紺,甘,,紺青、紺屋
紋,文,,指紋、波紋、紋章
紡,方,糸を紡ぐ,紡績、紡織
継,,跡継ぎ,継続、中継
絡,各,たれを絡める、金が絡む、糸が絡まる,短絡、連絡
紫,,江戸紫,紫煙、紫外線
絞,交,ベルトが絞まる、雑巾を絞る、首を絞める,絞殺
累,,,累計、累積、累進
網,,虫網,通信網、網羅
綻,定,縫い目が綻びる,破綻
緒,者,情緒、鼻緒,一緒、由緒
綱,岡,綱引き、横綱,要綱
維,,,維持、繊維、維新
緯,韋,,緯度、経緯
締,帝,引き締まる、ねじを締める,締結
緊,臤,,緊張、緊急、緊迫
緩,爰,ズボンが緩い、緩やかな坂、気が緩む、力を緩める,緩急
縁,,縁取り,縁側、縁談
繊,,,繊維、繊細
縫,逢,傷口を縫う,縫合、裁縫
繁,敏,,繁殖、繁栄、繁盛
縛,尃,縄で縛る,束縛、捕縛
緻,致,,緻密、精緻
羞,,,羞恥心
缶,,,缶詰
繰,喿,繰り返す、繰り越す,
繕,善,取り繕う,修繕
繭,虫、糸,繭玉,繭糸
耐,而、寸,寒さに耐える,耐熱、耐水、忍耐
翻,番、羽,決定を翻す、旗が翻る,翻訳、翻弄
翼,羽、異,白い翼,主翼、尾翼
翁,公、羽,,老翁
羨,次,隣人を羨む、彼が羨ましい,羨望
肖,,,肖像画、不肖の身
肝,,肝に銘じる,肝臓、肝心
肌,,肌着、素肌,
聴,,名曲を聴く,聴覚、聴衆
耗,耒、毛,心神耗弱,消耗
肢,支,,肢体、四肢
肯,止,,肯定、首肯しがたい意見
股,殳,股の下,股間
肩,,肩車、肩身,双肩
肘,寸,肘が痛む,
脊,,,脊髄、脊椎
脂,旨,脂身,脂肪、脂質、樹脂
脅,劦,身を脅かす、脅し文句、こっそり脅かす,脅威、脅迫
胎,台,,胎児、胎盤
肪,方,,脂肪
腐,肉、府,肉が腐る、ふて腐れる、気を腐らす,腐敗
脱,兑,服を脱ぐ、ズボンが脱げる,脱衣、脱臭、脱退
脚,却,雨脚が強い,脚力、脚本、脚立
脇,劦,脇腹、脇道、脇役,
胴,同,,胴体
腰,要,丸腰、腰が低い,腰痛
腺,泉,,汗腺、リンパ腺
腎,臤,,腎臓
腫,重,患部が腫れる、泣き腫らす,腫瘍
腕,宛,腕組み、腕前,腕章、腕力
膨,彭,風船が膨らむ、怒って膨れる,膨張、膨大
膳,善,,御膳、配膳
膚,虍、胃,,皮膚、完膚無きまで
膝,桼,膝が笑う、膝小僧,
膜,莫,,鼓膜、粘膜、横隔膜
舟,,小舟に揺られる、舟盛り,舟艇
臼,,杵と臼,臼歯
致,至,不徳の致すところ,誘致、致死、致命傷
臭,自、犬,部屋が臭い、体が臭う,臭気、悪臭
臆,意,,臆病、臆することなく
艦,監,,艦船、艦隊、戦艦
艇,廷,,艦艇、競艇
舶,白,,舶来、船舶
舷,玄,,舷側、右舷
般,,,一般、全般、般若
虜,虍、男,,捕虜、虜囚
虚,业,,虚無、虚偽、虚空
虐,,弱者を虐げる,虐待、残虐
虎,,虎刈り,猛虎、虎視眈々
艶,豊、色,艶やかな姿,妖艶
蛮,亦、虫,,野蛮、南蛮
蛇,虫、它,毒蛇,蛇行、蛇足、蛇口、大蛇
蛍,,水辺の蛍,蛍光灯
蚊,,蚊柱、蚊帳,
虹,虫、工,虹色,
衡,,,均衡、平衡
衝,行、重,,衝撃、衝突
融,鬲、虫,,融解、融和、金融
蜜,宓、虫,,蜂蜜、蜜月
蜂,虫、夆,蜂蜜,養蜂、蜂起
被,皮,損害を被る,被害、被災、被服
袋,代、衣,胃袋、寝袋,風袋
袖,衤、由,半袖、袖口,袖珍本
衷,衣、中,,衷心、和洋折衷
衰,,筋力が衰える,衰弱、衰退
裸,果,丸裸,裸体、全裸
裾,居,裾野、裾上げ,
褐,日匂曷,,褐色
裕,谷,,裕福、余裕
裂,列,布を裂く、胸が裂ける,破裂、分裂、亀裂
覇,革月,,覇者、制覇、連覇
覆,復,布で覆う、定説を覆す、常識が覆る,覆面、転覆
襲,龍、衣,病魔が襲う,襲撃、逆襲
襟,禁,襟足、襟首,開襟
褒,衣、保,子を褒める,褒美、褒賞
詠,永,,詠唱、詠嘆
訟,公,,訴訟
託,乇,,託児所、委託
訂,丁,,訂正、改訂
触,角、虫,肌に触れる、手触り,触手、触覚
該,亥,,該当、該博
訴,斥,裁判所に訴える,訴訟、起訴
診,㐱,怪我を診る,診察、診断
詔,召,詔,詔書
詐,乍,,詐欺、詐称
詮,全,,詮索、所詮
詳,羊,詳しい解説,詳細、不詳
誇,夸,自らを誇る,誇示、誇張
詣,旨,墓に詣でる,参詣、造詣が深い
詰,吉,手が詰む、箱に詰める、鼻が詰まる,詰問
請,青,許可を請う、請け負う,請求、普請
謁,日匂曷,,謁見、拝謁
誘,秀,遊びに誘う,誘導、誘惑、誘発
誓,折,心に誓う,誓約、宣誓
誉,,誉れが高い,栄誉、名誉
諦,帝,,諦観、諦視
諮,咨、次,上司に諮る,諮問、諮詢
諧,皆,,階調、俳諧
誰,隹,誰もいない,
諾,若,,承諾、快諾
謙,兼,,謙虚、謙遜
謹,堇,謹んで行う,謹慎、謹賀新年
謡,䍃、缶,謡曲を謡う、謡物,歌謡曲、民謡
諭,俞,教え諭す,教諭、説諭
謀,某,悪事を謀る,謀略、無謀、謀反
豚,豕,豚肉,養豚
譲,,道を譲る,譲渡、譲歩
譜,普,,系譜、楽譜、譜面
謎,迷,謎かけ、謎解き,
謄,龹、言,,謄本、謄写
貫,貝,教えを貫く,貫通、貫禄
貢,貝、工,金品を貢ぐ,貢献、年貢
貞,,,貞淑、貞操
貌,皃,,美貌、変貌
豪,豕,,豪雨、豪華、強豪
賂,各、貝,,賄賂
賊,貝、戎,,海賊、賊軍
貼,貝、占,湿布を貼る,貼付
販,反,,販売、通販
貪,今、貝,惰眠を貪る,貪欲
賦,武,,賦役、月賦、天賦の才能
賓,,,賓客、主賓、来賓
賠,咅,,賠償
賜,易,祝杯を賜る,賜杯、恩賜
賄,有,食事を賄う,賄賂、贈賄
贈,曽,品物を贈る,贈与、寄贈
購,冓,,購入、購買
頼,束、頁,頼みごと、彼は頼もしい、機械に頼る,信頼
賭,者,賭け事,賭博
賢,臤、臣,賢い犬,賢者、賢明
距,巨,,距離
超,走、召,人の城を超す、限界を超える,超越、超人
越,戉,冬を越す、峠を越える,越境、越冬
赴,走、卜,会社に赴く,赴任
赦,赤、攵,,恩赦、容赦
踪,宗,,失踪
踊,甬,盆踊り、ダンスを踊る,舞踊
跳,兆,跳ねるように歩く、ウサギが跳ぶ,跳躍
践,戋,,実践、履践
跡,亦,跡地、足跡,遺跡、筆跡
軒,車、干,軒下、軒を連ねる,軒数、一軒
軌,車、九,,軌跡、軌道、常軌
躍,翟,胸が躍る,躍進、飛躍
蹴,就,ボールを蹴る,一蹴
踏,,値踏み、経験を踏まえる,踏破、雑踏
輝,軍、光,星が輝く,輝石
載,𢦏,雑誌に載る、荷物を載せる,積載、満載
較,交,,比較、較差
軸,由,,主軸、車軸
軟,欠,頭が軟らかい、軟らかな体,軟弱、柔軟
辱,辰、寸,名を辱める,屈辱、雪辱
辣,辛、束,,辛辣、辣腕
辛,,辛い食べ物,香辛料、辛酸、辛抱
轄,車、害,,管轄、直轄
輩,非,,先輩、若輩、輩出
酬,酉、州,,報酬、応酬
酢,酉、乍,,酢酸、黒酢
酔,卆,酒に酔う,泥酔、麻酔、心酔
酎,酉、寸,,焼酎、酎ハイ
酌,酉、勺,酒を酌み交わす,晩酌、酌量
醜,鬼,醜い心,醜悪、醜態
醒,星,,覚醒
酷,告,,酷使、残酷、酷似、酷暑
酵,孝,,酵素、酵母、発酵
酪,各,,酪農、乳酪
釜,,釜飯、茶釜,
麺,麦、面,,麺類
舞,舛,舞を踊る、舞い上がる,舞台、舞踊
釈,釆、尺,,解釈、注釈、希釈、釈放
醸,酉、㐮,物議を醸す,醸成、醸造
鈴,金、令,鈴の音,予鈴、風鈴
鉢,本,托鉢,植木鉢、鉢植え
鉛,,鉛玉,鉛筆、亜鉛
鈍,屯,動きが鈍る、鈍い痛み,鈍感、鈍角
釣,勺,釣り鐘,釣果
錦,"金,帛",錦鯉,錦糸卵
鋳,金寿,鋳型、鋳物,鋳造
鋭,兑,感覚が鋭い,鋭角、鋭利
銘,名,,銘菓、銘柄、感銘
銃,,,銃撃、銃声、小銃
鍵,"金,建",鍵をかける,鍵盤
錬,金東,,錬金術、錬成、鍛錬
錠,"金,定",,錠前、施錠、錠剤
錯,"金,昔",,錯覚、錯乱
錮,"金,固",,禁錮刑
鎮,"金,真",怒りを鎮める、痛みが鎮まる,鎮圧、鎮静剤
鎖,,鉄の鎖,鎖骨、連鎖
鎌,兼,鎌、鎌倉時代、鎌をかける,
鍋,"金,咼",土鍋,
鍛,"金,段",体を鍛える,鍛錬、鍛工
閲,兑,,閲覧、検閲
閥,"門,伐",,派閥、財閥
閑,"門,木",,閑静、閑散、閑職、等閑
鑑,,教科書に鑑みる,図鑑、鑑定、鑑識
鐘,"金,童",釣鐘,鐘楼、警鐘
雇,"户,隹",人を雇う,雇用、解雇
隻,"隹,又",,隻眼、数隻の船
隷,士示隶,,奴隷、隷属
闘,豆寸,病魔と闘う,戦闘、決闘、闘牛
闇,音,闇夜、暗闇,
雰,雨分,,雰囲気
離,,心が離れる、手を離す,離説、離陸
雌,"此,隹",雌花、雌ねじ,雌雄、雌伏
雅,"牙,隹",,優雅、雅楽、雅量
雄,"厷,隹",雄猫,雄大、英雄、雄花
霊,亚、雨,言霊,幽霊、亡霊、悪霊
震,"雨,辰",何かが震う音、寒さで震える,震災、震度、地震
需,"雨,而",,需要、必需品
零,令、雨,,零度、零細、零落
雷,"雨,田",雷が鳴る,雷雨、雷鳴、地雷、魚雷
斎,齐示,,書斎、斎戒
斉,,,斉唱、一斉
露,"雨,路",雨露,露骨、暴露、露店、披露
霧,"雨,務",霧雨、夜霧,霧散、濃霧
霜,"雨,相",霜焼け、初霜,霜害、秋霜
項,"工,頁",,項目、事項、要項
頃,"匕,頁",頃合い、日頃,
響,郷、音,音楽が響く,音響、影響
韻,"音,員",,余韻、韻文、風韻
靴,"革,化",革靴、靴下,軍靴
頰,"夾,頁",,頰骨
頒,"分,頁",,頒布
頓,"屯,頁",,頓知、整理整頓、無頓着
頑,"元,頁",,頑丈、頑固
須,,,必須
飢,几,飢え死ぬ,飢餓、飢饉
顧,"雇,頁",過去を顧みる,顧客、顧問
顕,显頁,,顕著、顕微鏡
顎,"咢,頁",顎髭,顎関節
頻,"步,頁",,頻度、頻発、頻繁
餓,我,,餓死、飢餓
餅,并,大福餅,煎餅
餌,耳,魚の餌、餌付け,食餌、擬餌鉤
飽,包,趣味に飽きる、暇に飽かして,飽食、飽和
飾,,絵を飾る,修飾、装飾
駐,"馬,主",,駐在、駐車
駒,"馬,句",将棋の駒、手駒,
駄,馬太,,駄菓子、駄作、下駄、駄目
駆,馬区,馬を駆る、草原を駆ける,駆使する、駆除
香,"禾,日",花が香る、移り香、草の香り,香水、香車
骸,"骨,亥",,死骸、形骸化、残骸
驚,"敬,馬",事件に驚く、不意に驚かす,驚愕、驚嘆
騰,"月,龹,馬",,高騰、沸騰
騒,馬,大騒ぎ,騒音、騒々しい
騎,,,騎士、騎手、騎馬
魂,"云,鬼",魂のこもつた作品,霊魂、魂胆
鬼,,鬼に金棒,鬼神、鬼畜、鬼才
鬱,鬯,,憂鬱、鬱病
髪,髟友,髪形、長い髪,散髪、白髪
髄,骨迶,,骨髄、真髄を究める
鮮,"魚,羊",鮮やかな色彩,鮮度、新鮮
韓,"𠦝,韋",,韓国
竜,,竜巻,登竜門、竜
魔,"麻,鬼",,魔法、魔術、悪魔
魅,"鬼,未",,魅力、魅惑
麗,鹿,麗しい姿,美麗な振り袖姿
鹿,,牡鹿、鹿の子編み,
鶴,"隺,鳥",折り鶴,
鶏,爫夫鳥,鶏の卵,鶏卵、養鶏
鯨,"魚,京",鯨が泳ぐ,鯨油、捕鯨
齢,歯令,,年齢、高齢
亀,,陸亀,亀裂
黙,,押し黙る,黙秘、沈黙
麻,,麻布,麻酔、麻薬
麓,"林,鹿",山の麓,山麓
償,賞,償う,賠償金、弁償
侶,呂,,僧侶、伴侶
伎,支,,歌舞伎
且,,必要且つ十分,
鼓,"壴,支",舌鼓を打つ,鼓動、鼓舞、太鼓
阪,,,阪神
徴,,,徴候、特徴、徴兵、徴収
垣,"土,亘",垣根、石垣,
了,,,了解、了承、完了、終了
匿,若,,匿名、隠匿
縄,,荒縄,縄文時代、捕縄
泥,尼,泥棒、泥沼,泥酔
泰,"𡗗,氺",,泰平、安泰
枢,"木,区",,枢軸、中枢
悠,"攸,心",,悠久、悠然
趣,"走,取",昭和の趣,趣味、趣旨
訃,"言,卜",,訃報
虞,"虍,吴",災害の虞,
胞,包,,同胞、胞子、細胞
胆,"月,旦",,胆汁、大胆、魂胆